title,link,pub_date,category,creator,description,content_html,text,image,comments,guid
李대통령 만난 조희대 대법원장 “사법제도 개편 신중히 이뤄져야”,https://www.chosun.com/politics/politics_general/2025/12/03/EVJUC2SYHVHS7ECRL4EPNWXQIM/,"Wed, 03 Dec 2025 04:49:50 +0000",정치,박상기 기자,,"<img src=""https://www.chosun.com/resizer/v2/DMK4OYNOEZNYFEB7FPICRHAGRE.jpg?auth=16cb8826828aac4a8fee789fdb28189c65b1f776a05ef5f8095fd6cd10fc3291&smart=true&width=5655&height=3754"" alt=""이재명 대통령이 3일 서울 용산 대통령실 청사에서 열린 5부 요인 초청 오찬에 참석하고 있다. 오른쪽은 조희대 대법원장./뉴시스"" height=""3754"" width=""5655""/><p>조희대 대법원장은 3일 이재명 대통령을 만나 “사법제도는 국민의 권리 보호와 사회질서 유지를 위한 중요한 기능을 수행하기 때문에 충분한 논의와 공론화 과정을 거쳐 신중하게 이루어지는 것이 바람직하다”고 말했다. 최근 여권이 추진하는 내란 전담 재판부 설치, 대법관 증원, 법원행정처 폐지 등 이른바 ‘사법 개혁’에 대한 우려를 표한 것으로 해석됐다.</p>","[OSEN=고양, 박준형 기자] 3일 오후 경기도 고양시 MBC 드림센터에서 ‘쇼! 챔피언(Show! Champion 이하 쇼챔)’ 생방송이 진행됐다.",,,https://www.chosun.com/politics/politics_general/2025/12/03/EVJUC2SYHVHS7ECRL4EPNWXQIM/
“尹·계엄 세력과 정치적 단절” 국힘 의원 25명 고개숙여 사과,https://www.chosun.com/politics/politics_general/2025/12/03/GXRVTDIBLZEIBCDOQVS35DM344/,"Wed, 03 Dec 2025 03:04:30 +0000",정치,이해인 기자,,"<img src=""https://www.chosun.com/resizer/v2/NBMPEP2PK5JE3KPSHVUBWDQXPE.jpg?auth=93d271b4c8c82a2700afb857d3fa3eca1c9e0262f425e75c8871390108d6667a&smart=true&width=5092&height=2036"" alt=""국민의힘 이성권, 김용태 등 의원들이 3일 서울 여의도 국회 소통관에서 12.3 비상계엄 관련 입장 발표 기자회견을 열고 허리 숙여 사과하고 있다. /연합뉴스"" height=""2036"" width=""5092""/><p>국민의힘 의원 25명이 12·3 계엄 1년이 되는 3일 비상 계엄에 대해 사과하고 윤석열 전 대통령과의 정치적 단절을 약속했다. 같은 날 장동혁 국민의힘 대표가 “12·3 비상 계엄은 의회 폭거에 맞서기 위한 계엄이었다”고 하자 이와 별개로 사과문을 발표한 것이다. </p>","[OSEN=고양, 박준형 기자] 3일 오후 경기도 고양시 MBC 드림센터에서 ‘쇼! 챔피언(Show! Champion 이하 쇼챔)’ 생방송이 진행됐다.",https://www.chosun.com/resizer/v2/G4CGEIVVBNGEPCDR2HLI2IJLXM.gif?auth=3a47291c6313e3b7b04c8e1b7dc372d2d71fd6981d00d3393bc12a2392f81f6a&smart=true&width=800&height=450,,https://www.chosun.com/politics/politics_general/2025/12/03/GXRVTDIBLZEIBCDOQVS35DM344/
이 대통령 “야당 발언 들으면 ‘저게 말이 되는 소리야?’ 싶을 때가 있다”,https://www.chosun.com/politics/politics_general/2025/12/03/I4WBQ5IWN5AJZC3SKDQDF3AJZI/,"Wed, 03 Dec 2025 02:37:50 +0000",정치,김태준 기자,,"<img src=""https://www.chosun.com/resizer/v2/MM4WIMRSHEYDCNJXMI2TOODFME.jpg?auth=5978f23f31cfc1177caadfabaca076d810143ecc624ffc03806bd167ab7a6ef0&smart=true&width=4563&height=3207"" alt=""이재명 대통령이 3일 서울 용산 대통령실 청사에서 ‘빛의 혁명 1주년, 대통령 대국민 특별성명’을 발표한 뒤 취재진 질문에 답하고 있다./뉴스1"" height=""3207"" width=""4563""/><p>이재명 대통령이 3일 진행한 외신 기자회견에서 거대 양당 체제의 한계를 인정하면서도 “화가 나더라도 대화와 타협을 포기하지 않겠다”고 했다.</p>","[OSEN=고양, 박준형 기자] 3일 오후 경기도 고양시 MBC 드림센터에서 ‘쇼! 챔피언(Show! Champion 이하 쇼챔)’ 생방송이 진행됐다.",https://www.chosun.com/resizer/v2/UNXFM5REDVMFXOJC6WLUMDKGDM.jpg?auth=258d92ecf92e4d36f7de88288bdeadde12fab1773ee4a4cfdc77f754708e118a&smart=true&width=4172&height=2734,,https://www.chosun.com/politics/politics_general/2025/12/03/I4WBQ5IWN5AJZC3SKDQDF3AJZI/
법사위서 ‘장경태 성추행 의혹’ 설전… “부끄러운 줄 알라” vs “허위 조작 보도”,https://www.chosun.com/politics/politics_general/2025/12/03/6NPC3S7F2VAUPNJLFSNEMK5RLM/,"Wed, 03 Dec 2025 04:35:33 +0000",정치,권순완 기자,,"<img src=""https://www.chosun.com/resizer/v2/VMJ24SX4OVJNNG66U45DM3J7ZI.jpg?auth=ca9555e262c1fdf12a6e8bb4c8d4608aaabca7f7dd7f5b1412af22bbafd32a51&smart=true&width=3384&height=2257"" alt=""더불어민주당 장경태 의원이 3일 서울 여의도 국회에서 열린 법제사법위원회 전체회의에서 성추행 의혹과 관련해 이해충돌을 이유로 법사위 퇴장을 요구하는 국민의힘 신동욱 의원의 발언에 항의하고 있다. /연합뉴스"" height=""2257"" width=""3384""/><p>여야는 3일 국회 법제사법위원회 회의에서 법사위원인 더불어민주당 장경태 의원의 ‘성추행 의혹’을 놓고 공방을 벌였다.</p>","[OSEN=고양, 박준형 기자] 3일 오후 경기도 고양시 MBC 드림센터에서 ‘쇼! 챔피언(Show! Champion 이하 쇼챔)’ 생방송이 진행됐다.",https://www.chosun.com/resizer/v2/VMJ24SX4OVJNNG66U45DM3J7ZI.jpg?auth=ca9555e262c1fdf12a6e8bb4c8d4608aaabca7f7dd7f5b1412af22bbafd32a51&smart=true&width=3384&height=2257,,https://www.chosun.com/politics/politics_general/2025/12/03/6NPC3S7F2VAUPNJLFSNEMK5RLM/
압축파일로 온 국세 고지서... 北 김수키 연계 추정 악성코드,https://www.chosun.com/politics/north_korea/2025/12/03/HIIKJRUR2ZBSPDY3ASKYWKHTRI/,"Wed, 03 Dec 2025 05:32:18 +0000",정치,박선민 기자,,"<img src=""https://www.chosun.com/resizer/v2/N7Z3KGPS7JCQPCI277GJO27CHQ.png?auth=3282ad68b0b7a91c109f2c61c9d28793b1c70d113956f1b28b2edd59cf26819b&smart=true&width=843&height=693"" alt=""국세 고지서 위장 파일. /이스트시큐리티"" height=""693"" width=""843""/><p>북한 정찰총국 산하 해킹 그룹 김수키(Kimsuky)와 연관된 것으로 추정되는 KimJongRAT 악성코드가 국세 고지서 파일로 위장해 유포되고 있다. 국세 고지서로 위장된 파일을 실행하면 악성 파일이 다운로드돼 사용자 정보를 탈취하는 수법이다.</p>","[OSEN=고양, 박준형 기자] 3일 오후 경기도 고양시 MBC 드림센터에서 ‘쇼! 챔피언(Show! Champion 이하 쇼챔)’ 생방송이 진행됐다.",,,https://www.chosun.com/politics/north_korea/2025/12/03/HIIKJRUR2ZBSPDY3ASKYWKHTRI/
野 잇따라 계엄 사과... 유용원 “軍장병·국민께 깊은 상처” 권영세 “결코 해선 안될 선택”,https://www.chosun.com/politics/assembly/2025/12/03/BK5VARIF4JAPNLFEOFFCKFSSRI/,"Wed, 03 Dec 2025 06:14:59 +0000",정치,이세영 기자,,"<p>국민의힘 의원들 다수는 계엄 1년이 되는 3일 계엄 사태에 대해 국민들에게 사과했다. 윤석열 정부 당시 여당 의원으로서 계엄을 사전에 예방하지 못했고, 계엄이 국민들에게 피해를 끼쳤다는 데 책임을 같이 한 것이다. 국민의힘 의원 25명이 이날 오전 국회에서 기자회견을 열고 대국민 사과를 한 데 이어 다른 의원들의 사과도 개별적으로 속속 이어지고 있다.</p><img src=""https://www.chosun.com/resizer/v2/F3OXHIQUJZMG5B5GKE75C74VTM.jpg?auth=0e231e295be2d0764280cf86196436cef5eb063767a644d16e6587c23b20ebc4&smart=true&width=4872&height=3384"" alt=""유용원 국민의힘 의원/뉴시스"" height=""3384"" width=""4872""/>","[OSEN=고양, 박준형 기자] 3일 오후 경기도 고양시 MBC 드림센터에서 ‘쇼! 챔피언(Show! Champion 이하 쇼챔)’ 생방송이 진행됐다.",,,https://www.chosun.com/politics/assembly/2025/12/03/BK5VARIF4JAPNLFEOFFCKFSSRI/
"李대통령, 계엄 수사·처벌은 “몸속 깊이박힌 치명적 암 치료하는 것”",https://www.chosun.com/politics/politics_general/2025/12/03/H6JOJSKSXNBQJNJDNCMRYJYGUI/,"Wed, 03 Dec 2025 00:39:03 +0000",정치,박상기 기자,,"<img src=""https://www.chosun.com/resizer/v2/SFQAELVSENPT7MT4WT7EMR3CMA.jpg?auth=1121792da105c894c6b76f314e8399518323ddff25abd70bde3f08262a22a8b7&smart=true&width=3480&height=2376"" alt=""이재명 대통령이 12·3 비상계엄 사태 1주년인 3일 서울 용산 대통령실에서 '빛의 혁명 1주년 대국민 특별성명'을 발표하고 있다./연합뉴스"" height=""2376"" width=""3480""/><p>이재명 대통령은 3일 더불어민주당이 추진을 검토 중인 ‘2차 종합 특검’과 관련해 “국회가 (추진 여부를) 적절히 판단할 것이라 생각한다”면서도 “분명한 건 지금 현재도 밝혀지지 않은 것이 너무 많아 보인다”고 말했다.</p>","[OSEN=고양, 박준형 기자] 3일 오후 경기도 고양시 MBC 드림센터에서 ‘쇼! 챔피언(Show! Champion 이하 쇼챔)’ 생방송이 진행됐다.",,,https://www.chosun.com/politics/politics_general/2025/12/03/H6JOJSKSXNBQJNJDNCMRYJYGUI/
"계엄 1년, 한동훈 사과 또 사과... “국민들이 ‘그만’ 할 때까지 사과해야”",https://www.chosun.com/politics/assembly/2025/12/03/MG5CAMIRGBFAPCGJO264BP6TZA/,"Wed, 03 Dec 2025 05:51:22 +0000",정치,이세영 기자,,"<p>한동훈 전 국민의힘 대표는 계엄 1년이 되는 3일 국회에서 “(작년 12월 3일 계엄 사태) 당시 여당 당대표로서 계엄을 미리 예방하지 못한 점에 대해 다시 한번 깊이 사과드린다”고 고개 숙였다. 한 전 대표는 작년 계엄 사태 당시에도 국민의힘 의원들과 계엄 해제 의결을 주도했고 사과 입장을 표명했다. 한 전 대표는 “국민들이 그만 됐다고 할 때까지 사과해야 한다”고 했다.</p><img src=""https://www.chosun.com/resizer/v2/F2PLSQJVPJO5TLVKJTD7UVSIHY.jpg?auth=8532480208cea2035ce69a5b43019d04cc0028b91ad861561207cc009f7ebc73&smart=true&width=5746&height=3802"" alt=""한동훈 국민의힘 전 대표가 3일 오후 서울 여의도 국회 경내에서 열린 12.3 비상계엄 1년 기자회견에서 고개 숙여 사과하고 있다./뉴시스"" height=""3802"" width=""5746""/>","[OSEN=고양, 박준형 기자] 3일 오후 경기도 고양시 MBC 드림센터에서 ‘쇼! 챔피언(Show! Champion 이하 쇼챔)’ 생방송이 진행됐다.",,,https://www.chosun.com/politics/assembly/2025/12/03/MG5CAMIRGBFAPCGJO264BP6TZA/
"李대통령, 대북전단 논란에 “사과 생각있지만, 종북 몰이 걱정”",https://www.chosun.com/politics/blue_house/2025/12/03/KB3ENKLJVRA6ZCDQDXGEE7BJMI/,"Wed, 03 Dec 2025 05:23:27 +0000",정치,주희연 기자,,"<img src=""https://www.chosun.com/resizer/v2/7FNITVKTDVIEVJNB7DXH7THUNM.jpg?auth=c1f20c674cad295822fb203790e8d00e82c8d06433c89e2effe977542028b296&smart=true&width=4208&height=2805"" alt=""이재명 대통령이 3일 청와대 영빈관에서 열린  '새롭게 선 민주주의, 그 1년' 외신 기자회견에서 질문에 답변하고 있다. /뉴시스"" height=""2805"" width=""4208""/><p>이재명 대통령은 3일 윤석열 정부 당시 군이 계엄 선포의 명분을 마련하기 위해 대북 전단을 살포했다는 의혹과 관련 “(북한에) 사과해야 하지 않을까 생각하면서도, 자칫 소위 ‘종북몰이’나 정치적 이념대결의 소재가 되지 않을까 걱정이 들어서 차마 말을 못 하고 있다”고 밝혔다.</p>","[OSEN=고양, 박준형 기자] 3일 오후 경기도 고양시 MBC 드림센터에서 ‘쇼! 챔피언(Show! Champion 이하 쇼챔)’ 생방송이 진행됐다.",,,https://www.chosun.com/politics/blue_house/2025/12/03/KB3ENKLJVRA6ZCDQDXGEE7BJMI/
"李 “우라늄 농축, 한국서 생산... 트럼프가 5대5로 동업 제안”",https://www.chosun.com/politics/politics_general/2025/12/03/UKHA75YHEZGCBOTKLRLDME3EUU/,"Wed, 03 Dec 2025 01:53:42 +0000",정치,김태준 기자,,"<img src=""https://www.chosun.com/resizer/v2/4UZHRF3Z65LRHH6TWINTPQPP3E.jpg?auth=b9f8e55238f39e641b40edb6272dcef7ab88792a640120976c187735c819c262&smart=true&width=5077&height=3377"" alt=""이재명 대통령이 3일 청와대 영빈관에서 열린 '새롭게 선 민주주의, 그 1년' 외신 기자회견에서 답변하고 있다./연합뉴스"" height=""3377"" width=""5077""/><p>이재명 대통령은 3일 외신 기자 회견에서 한국의 핵무장 가능성과 핵추진 잠수함 개발 논란에 대해 “비확산 원칙과는 무관하다”고 했다.</p>","[OSEN=고양, 박준형 기자] 3일 오후 경기도 고양시 MBC 드림센터에서 ‘쇼! 챔피언(Show! Champion 이하 쇼챔)’ 생방송이 진행됐다.",https://www.chosun.com/resizer/v2/A5I24W35KBDN5IVZXNU3XMNZIU.gif?auth=a66f66e391f94311ccc50cf053e93b420f18193088a6e0772068094e39ca39bc&smart=true&width=500&height=281,,https://www.chosun.com/politics/politics_general/2025/12/03/UKHA75YHEZGCBOTKLRLDME3EUU/
"서울 3대 설렁탕 이남장, 2인분 같은 1인분에 7400원",https://www.chosun.com/economy/startup_story/2025/12/03/TZWSN3DJIRDI3BQBBDD2UAB5DE/,"Wed, 03 Dec 2025 08:35:33 +0000",경제,"박유연 기자, 이영지 더비비드 기자",,"<p><i>조선몰은 국내 제조·유통기업의 판로를 돕고, 독자 혜택을 위해 정산·교환·반품·AS 걱정이 없는 우수 제품을 단독 최저가로 소개합니다. 본 기사는 광고성 내용을 담고 있습니다.</i></p><img src=""https://www.chosun.com/resizer/v2/BFC3X2Z45ZFZ5PIRE5TEI7QY6M.png?auth=d7277ebc4b68e417eefbb4bdb6ce7a3554f8dddbce806e838b39c0d939d47895&smart=true&width=1598&height=1135"" alt="""" height=""1135"" width=""1598""/>","[OSEN=고양, 박준형 기자] 3일 오후 경기도 고양시 MBC 드림센터에서 ‘쇼! 챔피언(Show! Champion 이하 쇼챔)’ 생방송이 진행됐다.",https://www.chosun.com/resizer/v2/BFC3X2Z45ZFZ5PIRE5TEI7QY6M.png?auth=d7277ebc4b68e417eefbb4bdb6ce7a3554f8dddbce806e838b39c0d939d47895&smart=true&width=1598&height=1135,,https://www.chosun.com/economy/startup_story/2025/12/03/TZWSN3DJIRDI3BQBBDD2UAB5DE/
스타링크 4일부터 한국에서도 위성 통신 서비스 시작...월 8만7000원,https://www.chosun.com/economy/tech_it/2025/12/03/MDWHTO4A6ZFFTIAPK2QPUXL5WQ/,"Wed, 03 Dec 2025 08:21:42 +0000",경제,김강한 기자,,"<img src=""https://www.chosun.com/resizer/v2/MI3GKOBYMVSDANZQGAYDOYJRMM.jpg?auth=c821612a0579537c624c3c6eff1d2857721462193f3b961fed7f175e220c6eb3&smart=true&width=1200&height=565"" alt=""스타링크 홈페이지./스타링크 홈페이지 제공"" height=""565"" width=""1200""/><p>미국 스페이스X가 운영하는 저궤도 위성 통신 서비스 ‘스타링크’를 국내에서도 사용할 수 있다.</p>","[OSEN=고양, 박준형 기자] 3일 오후 경기도 고양시 MBC 드림센터에서 ‘쇼! 챔피언(Show! Champion 이하 쇼챔)’ 생방송이 진행됐다.",,,https://www.chosun.com/economy/tech_it/2025/12/03/MDWHTO4A6ZFFTIAPK2QPUXL5WQ/
김남국 ‘현지누나’ 찾은 청탁... 알고 보니 ‘연봉 2억 회장’ 자리,https://www.chosun.com/economy/industry-company/2025/12/03/3H7ED2VJFZH4DPFQVODQP6QDOE/,"Wed, 03 Dec 2025 02:58:25 +0000",경제,조재현 기자,,"<img src=""https://www.chosun.com/resizer/v2/M2G74Q32RFDV7IQWQZAFPA3ZIU.jpg?auth=8ece814650e8b68247e79f4477a02e11303ba8e7e03f01c85f06e28a3ef59495&smart=true&width=1082&height=609"" alt=""문진석 더불어민주당 원내운영수석부대표가 2일 서울 여의도 국회에서 열린 본회의에서 김남국 대통령비서실 국민디지털소통비서관에게 문자를 보내고 있다. 문자에는 홍성범 한국자동차산업협회(KAMA) 전 상무를 회장으로 추천해 달라는 내용이 담겼다. 문 수석은 ‘내가 추천하면 강훈식 실장이 반대할거니까 아우가 추천좀 해줘봐’ 라고 전달했다. /뉴스핌 제공"" height=""609"" width=""1082""/><img src=""https://www.chosun.com/resizer/v2/5Z2VZBCIORBVBDDB6WGTQOOTOA.jpg?auth=5a68367bfe671dcbcc6458fdfae83df22d92c539958a10109bf0d3dee516ec61&smart=true&width=917&height=516"" alt=""문진석 더불어민주당 원내운영수석부대표가 2일 서울 여의도 국회에서 열린 본회의에서 김남국 대통령비서실 국민디지털소통비서관에게 문자를 보내고 있다. 문자에는 홍성범 한국자동차산업협회 상무를 회장으로 추천해 달라는 내용이 담겼다. 문 수석은 ‘내가 추천하면 강훈식 실장이 반대할거니까 아우가 추천좀 해줘봐’ 라고 전달했다. /뉴스핌 제공"" height=""516"" width=""917""/>","[OSEN=고양, 박준형 기자] 3일 오후 경기도 고양시 MBC 드림센터에서 ‘쇼! 챔피언(Show! Champion 이하 쇼챔)’ 생방송이 진행됐다.",https://www.chosun.com/resizer/v2/7GRQ6XW3IZGIDEISP6THFSYOTQ.jpg?auth=68c9902c6ad95bfd89d1451fab267cfd91e6ab95caaa06471cf3e5539ed79534&smart=true&width=479&height=270,,https://www.chosun.com/economy/industry-company/2025/12/03/3H7ED2VJFZH4DPFQVODQP6QDOE/
“쿠팡 김범석 고발 검토”... 피해 보상안 나올까?,https://www.chosun.com/economy/market_trend/2025/12/03/SBFXXSCZLZDTVJTYYY7F7KK43Y/,"Wed, 03 Dec 2025 08:24:21 +0000",경제,이미지 기자,,"<p>고객 3370만명의 개인정보를 유출시킨 쿠팡 창업자이자 실소유주인 김범석 쿠팡Inc 의장에 대한 고발이 검토될 예정이다. 사실상 전 국민의 개인정보가 유출된 상황에서 책임을 회피하는 김 의장에 대한 비판의 목소리가 높아지고 있는 것이다. 쿠팡 측은 “피해 고객 보상안을 검토하겠다”는 입장을 밝혔다.</p><img src=""https://www.chosun.com/resizer/v2/BBXUEOOY2JJMRBWPMZSFE7ZX5A.jpg?auth=6b6bed0bee1e0926748917bfb0836674f538446fef1e4ff8d131026efaad74db&smart=true&width=6000&height=4000"" alt=""[서울=뉴시스] 고승민 기자 = 박대준 쿠팡 대표이사가 3일 서울 여의도 국회에서 열린 정무위원회의 쿠팡 개인정보 유출 관련 현안질의에서 의원 질의를 듣고 있다. 2025.12.03. kkssmm99@newsis.com"" height=""4000"" width=""6000""/>","[OSEN=고양, 박준형 기자] 3일 오후 경기도 고양시 MBC 드림센터에서 ‘쇼! 챔피언(Show! Champion 이하 쇼챔)’ 생방송이 진행됐다.",,,https://www.chosun.com/economy/market_trend/2025/12/03/SBFXXSCZLZDTVJTYYY7F7KK43Y/
"동원F&B, 한식 HMR 新 캠페인 진행… 브랜드 정체성 강화",https://www.chosun.com/economy/market_trend/2025/12/03/G5SWGMLCGA2TOYTDGNRDEOJVGA/,"Wed, 03 Dec 2025 08:30:32 +0000",경제,민영빈 기자(조선비즈), 동원F&amp;B는 한식 가정간편식(HMR) 전문 브랜드 ‘양반’의 통합 브랜드 캠페인을 전개한다고 3일 밝혔다. 브랜드 정체성 강화에 나선 것으로 보인다. 양반은 1986년 선보인 국내 최초 한식 HMR 브랜드다. ‘한식 맛의 오리지널’을 슬로건으로 고유의 맛과 현대적 편의를 결합해 성장해온 대표 한식 브랜드로 꼽힌다. 김·죽·떡볶이 등 250여 종의 ,"<img src=""https://www.chosun.com/resizer/v2/HAYTENJUMM2DKOJZMJTDONTEGI.jpg?auth=2e378ac8337a7880e164a343401d591362f65350ccb2b091187fa1935365c284&smart=true&width=2000&height=1948"" alt=""'요즘 양반, 요즘 한식' 브랜드 캠페인 이미지. /동원F&B 제공"" height=""1948"" width=""2000""/><p>동원F&amp;B는 한식 가정간편식(HMR) 전문 브랜드 ‘양반’의 통합 브랜드 캠페인을 전개한다고 3일 밝혔다. 브랜드 정체성 강화에 나선 것으로 보인다.</p>","[OSEN=고양, 박준형 기자] 3일 오후 경기도 고양시 MBC 드림센터에서 ‘쇼! 챔피언(Show! Champion 이하 쇼챔)’ 생방송이 진행됐다.",https://www.chosun.com/resizer/v2/HAYTENJUMM2DKOJZMJTDONTEGI.jpg?auth=2e378ac8337a7880e164a343401d591362f65350ccb2b091187fa1935365c284&smart=true&width=2000&height=1948,,https://www.chosun.com/economy/market_trend/2025/12/03/G5SWGMLCGA2TOYTDGNRDEOJVGA/
"글랜우드PE, 무바달라와 LG화학 수처리사업 인수 완료 ",https://www.chosun.com/economy/stock-finance/2025/12/03/MNRTAZRWGY4DMOBQGMYTEZRZHA/,"Wed, 03 Dec 2025 08:24:47 +0000",경제,오귀환 기자(조선비즈),국내 사모펀드(PEF) 운용사 글랜우드프라이빗에쿼티는 아랍에미리트(UAE) 아부다비 국부펀드 무바달라와 공동 투자한 LG화학 워터솔루션 사업 인수를 마무리했다고 3일 밝혔다.  글랜우드PE와 무바달라가 인수한 대상은 2014년 LG화학의 사업부로 출범한 수처리 필터 사업이다. 이번에 독립 법인으로 출범하며 간판을 나노H2O로 달았다. 거래대금은 1조4000,"<p>국내 사모펀드(PEF) 운용사 글랜우드프라이빗에쿼티는 아랍에미리트(UAE) 아부다비 국부펀드 무바달라와 공동 투자한 LG화학 워터솔루션 사업 인수를 마무리했다고 3일 밝혔다.</p><img src=""https://www.chosun.com/resizer/v2/GA2TEOLEMQ3TGZJTMFTGGYRQGM.jpg?auth=a2b5caed259c9523d4a24e0b2f05d3ca61e5121353d7e5a79767086016242b54&smart=true&width=860&height=330"" alt="""" height=""330"" width=""860""/>","[OSEN=고양, 박준형 기자] 3일 오후 경기도 고양시 MBC 드림센터에서 ‘쇼! 챔피언(Show! Champion 이하 쇼챔)’ 생방송이 진행됐다.",https://www.chosun.com/resizer/v2/GA2TEOLEMQ3TGZJTMFTGGYRQGM.jpg?auth=a2b5caed259c9523d4a24e0b2f05d3ca61e5121353d7e5a79767086016242b54&smart=true&width=860&height=330,,https://www.chosun.com/economy/stock-finance/2025/12/03/MNRTAZRWGY4DMOBQGMYTEZRZHA/
"대만 검찰, 日 TEL 법인 기소… TSMC ‘2나노 기술 유출’ 연루",https://www.chosun.com/economy/tech_it/2025/12/03/GIYWKNBSGNSGCYJSHE4DMOJVMM/,"Wed, 03 Dec 2025 08:24:09 +0000",경제,정두용 기자(조선비즈), 일본 반도체 장비업체 도쿄일렉트론(TEL) 대만 법인이 ‘TSMC 기술 유출’ 사건으로 기소됐다. 3일 자유시보 등 대만 언론에 따르면 대만 고등검찰서는 대만 파운드리(반도체 위탁생산) 기업 TSMC의 첨단기술 유출 사건에 연루된 TEL 대만 법인을 추가 기소했다. 검찰은 TSMC의 2나노미터(㎚·1㎚=10억분의 1m) 공정 기술 유출 사건과 관련해 TE,"<img src=""https://www.chosun.com/resizer/v2/GU4TSY3DG5SDOOLBGA3WGYRXMQ.jpg?auth=3a91d47ac1bbd9339f022b5c660f5988f7d28733db016f6a164777740ef269d5&smart=true&width=1200&height=800"" alt=""/블룸버그연합뉴스"" height=""800"" width=""1200""/><p>일본 반도체 장비업체 도쿄일렉트론(TEL) 대만 법인이 ‘TSMC 기술 유출’ 사건으로 기소됐다.</p>","[OSEN=고양, 박준형 기자] 3일 오후 경기도 고양시 MBC 드림센터에서 ‘쇼! 챔피언(Show! Champion 이하 쇼챔)’ 생방송이 진행됐다.",https://www.chosun.com/resizer/v2/GU4TSY3DG5SDOOLBGA3WGYRXMQ.jpg?auth=3a91d47ac1bbd9339f022b5c660f5988f7d28733db016f6a164777740ef269d5&smart=true&width=1200&height=800,,https://www.chosun.com/economy/tech_it/2025/12/03/GIYWKNBSGNSGCYJSHE4DMOJVMM/
우리집 ‘뚱냥이’도 비만치료제 맞게 되나…개·고양이 전용 ‘위고비’ 속속 나온다,https://www.chosun.com/economy/science/2025/12/03/KJTX7O4AIFEJRLOXTV7UOSAREM/,"Wed, 03 Dec 2025 08:00:00 +0000",경제,송혜진 기자,,"<img src=""https://www.chosun.com/resizer/v2/H225EZKXI5CMPGTHFWD3H4VZUE.jpg?auth=a8a0b8fc5e35499e71361ea1317628c0723b21b80e601050d6d0704706f9f3eb&smart=true&width=1368&height=912"" alt=""반려동물을 대상을 한 GLP(글루카곤 유사 펩타이드)-1 계열의 비만 치료제가 빠르게 개발되고 있다. /Getty Images"" height=""912"" width=""1368""/><p>우리 집 ‘뚱냥이(비만 고양이)’도 조만간 비만 치료제로 살을 뺄 수 있게 될 전망이다. 미국 제약·바이오 기업들이 ‘위고비’나 ‘마운자로’처럼 GLP(글루카곤 유사 펩타이드)-1 계열의 동물 전용 비만 치료제 개발에 속도를 내고 있기 때문이다. </p>","[OSEN=고양, 박준형 기자] 3일 오후 경기도 고양시 MBC 드림센터에서 ‘쇼! 챔피언(Show! Champion 이하 쇼챔)’ 생방송이 진행됐다.",,,https://www.chosun.com/economy/science/2025/12/03/KJTX7O4AIFEJRLOXTV7UOSAREM/
“매입형 임대주택 규제 완화해달라”…리츠·건설업계 공동 건의서 제출,https://www.chosun.com/economy/real_estate/2025/12/03/5QMHBSE2SRFSHGHMUNHKMJN7DE/,"Wed, 03 Dec 2025 08:17:04 +0000",경제,황규락 기자,,"<img src=""https://www.chosun.com/resizer/v2/55X5ULD2HA64CNJTQFN2YDH37A.jpg?auth=0afb1b5f4532d7d936afbfb3e19a858991bcdb159c5d34499fed121925c9394c&smart=true&width=1818&height=722"" alt=""한국리츠협회 홈페이지 캡처"" height=""722"" width=""1818""/><p>한국리츠협회는 대한건설협회 등 10개 단체와 함께 매입형 임대주택 규제를 완화해달라며 국토교통부와 기획재정부 등에 공동 건의서를 제출했다고 3일 밝혔다. </p>","[OSEN=고양, 박준형 기자] 3일 오후 경기도 고양시 MBC 드림센터에서 ‘쇼! 챔피언(Show! Champion 이하 쇼챔)’ 생방송이 진행됐다.",,,https://www.chosun.com/economy/real_estate/2025/12/03/5QMHBSE2SRFSHGHMUNHKMJN7DE/
2026년 과기정통부 예산 23조7000억 확정… AI·넥스트 전략 기술에 11조 투입,https://www.chosun.com/economy/tech_it/2025/12/03/MI3WINRQGU2DKZJVMIYDAMZWGQ/,"Wed, 03 Dec 2025 08:19:07 +0000",경제,심민관 기자(조선비즈)," 과학기술정보통신부의 2026년도 예산이 23조7417억원 규모로 최종 확정됐다. 정부안보다 746억원 늘었고, 2025년도 추경예산(20조9835억원)보다는 2조7582억원 증가했다. 과기정통부는 저성장 국면을 돌파하고 혁신경제 전환을 가속화하기 위해 △범국가적 인공지능(AI) 대전환 △넥스트(NEXT) 전략기술 육성 △튼튼한 R&amp;D 생태계 조성 ","<img src=""https://www.chosun.com/resizer/v2/HFSDEOLDGA2WGMJXMEZDIOBVGI.jpg?auth=a9ac86fa7d57878a494aec85c650b3bbc61c3293bd6b10445b1c1b95f5b7316d&smart=true&width=340&height=227"" alt=""과학기술정보통신부 로고./과기정통부"" height=""227"" width=""340""/><p>과학기술정보통신부의 2026년도 예산이 23조7417억원 규모로 최종 확정됐다. 정부안보다 746억원 늘었고, 2025년도 추경예산(20조9835억원)보다는 2조7582억원 증가했다. 과기정통부는 저성장 국면을 돌파하고 혁신경제 전환을 가속화하기 위해 △범국가적 인공지능(AI) 대전환 △넥스트(NEXT) 전략기술 육성 △튼튼한 R&amp;D 생태계 조성 △과학기술·디지털 기반 균형성장 등 4대 분야에 예산을 집중 배분했다.</p>","[OSEN=고양, 박준형 기자] 3일 오후 경기도 고양시 MBC 드림센터에서 ‘쇼! 챔피언(Show! Champion 이하 쇼챔)’ 생방송이 진행됐다.",https://www.chosun.com/resizer/v2/HFSDEOLDGA2WGMJXMEZDIOBVGI.jpg?auth=a9ac86fa7d57878a494aec85c650b3bbc61c3293bd6b10445b1c1b95f5b7316d&smart=true&width=340&height=227,,https://www.chosun.com/economy/tech_it/2025/12/03/MI3WINRQGU2DKZJVMIYDAMZWGQ/
[오늘의 운세] 12월 4일 목요일 (음력 10월 15일 丁未),https://www.chosun.com/national/national_general/2025/12/03/NFQYJ6FMTJDAVCBOZQLFXODL7U/,"Wed, 03 Dec 2025 08:00:00 +0000",사회,조선일보,,"<p><div class=""chosun_unse""><iframe src=""https://image.chosun.com/arc/unse_iframe.html"" frameborder=""0"" scrolling=""no"" allow=""accelerometer; autoplay; clipboard-write; encrypted-media; gyroscope; picture-in-picture"" allowfullscreen></iframe></div><style>.chosun_unse{position:relative;width:100%;height:350px;box-sizing:border-box}.chosun_unse>iframe{position:absolute;top:0;left:0;width:100%;height:100%;overflow-y:hidden}@media all and (max-width:1024px){.chosun_unse{height:350px}}@media all and (max-width:1023px){.chosun_unse{height:350px}}@media all and (max-width:528px){.chosun_unse{height:270px}}@media all and (max-width:384px){.chosun_unse{height:190px}}</style><br></p><p><div style=""width: 100% ; max-width: 616px; margin: 0 auto; padding: 18px 0; border-top: 1px solid #9C9C9C; border-bottom: 1px solid #9C9C9C;"">
		<div style=""font-family: Noto Sans KR,AppleSDGothic,apple sd gothic neo,noto sans korean,noto sans korean regular,noto sans cjk kr,noto sans cjk,nanum gothic,malgun gothic,dotum,arial,helvetica,MS Gothic,sans-serif !important; font-size: 18px; font-style: normal; font-weight: 400; line-height: 1.5; display: block; margin: 0; margin-bottom: 10px; word-break: keep-all; text-align: left;"">오늘 같은 날, 조선멤버십 가입하기 좋은 날입니다!<br>
멤버십에 가입하면 전용몰 상품 구매시 상품가 10%만큼 현금처럼 결제할 수 있는 7000포인트를 매달 드립니다. 이번 달까지 가입하면 5000포인트를 추가로 드립니다!</div>
		<!-- url_start --><a style=""border-bottom: none; text-decoration: none; font-family: Noto Sans KR,AppleSDGothic,apple sd gothic neo,noto sans korean,noto sans korean regular,noto sans cjk kr,noto sans cjk,nanum gothic,malgun gothic,dotum,arial,helvetica,MS Gothic,sans-serif !important; color: #376DC8; font-size: 18px; font-weight: 700; display: block; line-height: 1.5; text-align: left;word-break: keep-all;"" target=""_top"" href=""https://members.chosun.com/membership/benefit/index.html?utm_source=online&utm_medium=notice&utm_campaign=membership&utm_content=fortune1"">조선멤버십 혜택 보기 →</a><!-- url_end -->
		<style> @media (prefers-color-scheme: dark) { .text--blue--scribe{color: #1b9fff !important;} } </style></p>","[OSEN=고양, 박준형 기자] 3일 오후 경기도 고양시 MBC 드림센터에서 ‘쇼! 챔피언(Show! Champion 이하 쇼챔)’ 생방송이 진행됐다.",https://www.chosun.com/resizer/v2/4MTFRYWHBJA7XOKKF7G7JPLX5U.png?auth=4651b5b20b5d4901424204d1456faee02e4b064ff509db23945deabf4404c8ef&smart=true&width=800&height=420,,https://www.chosun.com/national/national_general/2025/12/03/NFQYJ6FMTJDAVCBOZQLFXODL7U/
尹 “국민께 마음의 상처 입혀 송구” 계엄 1년 옥중 메시지,https://www.chosun.com/national/court_law/2025/12/03/ZAJHBFHE4FC2TBRN6DTLH2QBCU/,"Wed, 03 Dec 2025 08:16:51 +0000",사회,김나영 기자,,"<p>윤석열 전 대통령이 12·3 비상계엄 사태 1년을 맞아 “국민들께 마음의 상처와 불편을 끼쳐드려 송구한 마음을 금할 길이 없다”며 옥중 메시지를 냈다. </p><img src=""https://www.chosun.com/resizer/v2/J4NDJPUTWRI5DANLYKY4GAF7XI.jpg?auth=6a1ee7461803f9afede6e10d6092e0f62e6eb96d9c097772cc6f821e839eadac&smart=true&width=1649&height=934"" alt=""윤석열 전 대통령이 지난달 19일 서울 서초구 서울중앙지방법원에서 열린 한덕수 전 국무총리의 내란 재판에 증인으로 출석했다./연합뉴스"" height=""934"" width=""1649""/>","[OSEN=고양, 박준형 기자] 3일 오후 경기도 고양시 MBC 드림센터에서 ‘쇼! 챔피언(Show! Champion 이하 쇼챔)’ 생방송이 진행됐다.",https://www.chosun.com/resizer/v2/IN2OUX5DPBAVVOJRKWV6F5EJ5E.jpg?auth=6a9be86d7970b505eb3afa1dcfedbc9d6979089e43c2b33f3d71e6a57a32feff&smart=true&width=2949&height=2212,,https://www.chosun.com/national/court_law/2025/12/03/ZAJHBFHE4FC2TBRN6DTLH2QBCU/
폭행치사 징역 8년… “친분 없는 지인이 선배 행세” 황당 이유,https://www.chosun.com/national/court_law/2025/12/03/EAR65LZFLFGTXGOMUJHLEDG3O4/,"Wed, 03 Dec 2025 08:21:16 +0000",사회,춘천=정성원 기자,"친분이 없는 지인이 선배 행세를 한다는 이유로 폭행해 숨지게 한 40대가 항소심에서 원심보다 더 무거운 형을 선고받았다.
서울고법 춘천재판부 형사1부(재판장 이은혜)는 살인 혐의로 기소된 A(47)씨에게 징역 4년을 선고한 원심을 깨고 징역 8년을 선고했다고 3일 밝혔다.","<img src=""https://www.chosun.com/resizer/v2/GYZDEZDEHAZDQOJUGU2WCZBZMQ.jpg?auth=f1942efd5bec0b6d27121db76aa5745042827f80365e626c63873dd655c6af9d&smart=true&width=4032&height=3024"" alt=""춘천지법./뉴스1"" height=""3024"" width=""4032""/><p>친분이 없는 지인이 선배 행세를 한다는 이유로 폭행해 숨지게 한 40대가 항소심에서 원심보다 더 무거운 형을 선고받았다.</p>","[OSEN=고양, 박준형 기자] 3일 오후 경기도 고양시 MBC 드림센터에서 ‘쇼! 챔피언(Show! Champion 이하 쇼챔)’ 생방송이 진행됐다.",,,https://www.chosun.com/national/court_law/2025/12/03/EAR65LZFLFGTXGOMUJHLEDG3O4/
미성년자 고용한 해운대 룸살롱… 고작 16세,https://www.chosun.com/national/regional/2025/12/03/STDVXUZWNBECBGN2M4ANQWWIHE/,"Wed, 03 Dec 2025 08:12:18 +0000",사회,부산=김미희 기자 ,,"<img src=""https://www.chosun.com/resizer/v2/4PQC4OLB7TT3MFL7Q76LVU6SWI.jpg?auth=a9d46b1e9856030988712bc51ddc8e93e67668fc2bda3741390b96f5d48b8965&smart=true&width=5349&height=3648"" alt=""해운대경찰서 전경. / "" height=""3648"" width=""5349""/><p>부산 해운대구에 있는 룸살롱이 미성년자를 고용했다가 경찰에 단속됐다.</p>","[OSEN=고양, 박준형 기자] 3일 오후 경기도 고양시 MBC 드림센터에서 ‘쇼! 챔피언(Show! Champion 이하 쇼챔)’ 생방송이 진행됐다.",,,https://www.chosun.com/national/regional/2025/12/03/STDVXUZWNBECBGN2M4ANQWWIHE/
"1·2인 가구 겨냥 ‘칠곡할매쌀’ 출시… 윤기, 탄력 좋아 밥맛 뛰어나",https://www.chosun.com/national/national_general/2025/12/03/Y4YF6WLI6BCXNOLAF2H63DBRGM/,"Wed, 03 Dec 2025 08:09:57 +0000",사회,칠곡=이승규 기자,,"<img src=""https://www.chosun.com/resizer/v2/6YUEKINFQJCUXNBLWSNJU6WJTI.jpg?auth=aa85ba5681e82fcc2827e36c09d41c3c559881bf784b169b375245d8a9dc5473&smart=true&width=640&height=427"" alt=""칠곡군 직원들이 칠곡할매쌀을 손에 들고 소개하고 있다./칠곡군"" height=""427"" width=""640""/><p>경북 칠곡군에서 1~2인 가구를 위해 쌀을 소량으로 포장한 제품인 ‘프리미엄 칠곡할매쌀(칠곡할매쌀)’을 출시했다고 3일 밝혔다.</p>","[OSEN=고양, 박준형 기자] 3일 오후 경기도 고양시 MBC 드림센터에서 ‘쇼! 챔피언(Show! Champion 이하 쇼챔)’ 생방송이 진행됐다.",,,https://www.chosun.com/national/national_general/2025/12/03/Y4YF6WLI6BCXNOLAF2H63DBRGM/
"내일 서울 첫눈, 눈발 약하게 흩날려",https://www.chosun.com/national/transport-environment/2025/12/03/XMMVXOKNQBF6DHVSB2KYEFA3BE/,"Wed, 03 Dec 2025 07:57:50 +0000",사회,박상현 기자,,"<img src=""https://www.chosun.com/resizer/v2/GEDE4Y6MMVKUXAJQ5KZAKDYGOI.jpg?auth=fcb6c3a236a285b5adf5ecde5aecc9429d5b433c6c9077673b283f93b2e70432&smart=true&width=6000&height=4000"" alt=""지난달 18일 오전 제주 한라산 국립공원 1100m 고지에 첫눈이 내려 외국인 관광객들이 겨울 정취를 만끽하고 있다. /연합뉴스"" height=""4000"" width=""6000""/><p>4일 서울에 첫눈이 예보됐다. 한겨울 수준의 강추위는 4일 아침까지 이어지다가, 오전부터 비교적 따뜻한 서풍이 불면서 주말까지 차츰 풀릴 것으로 보인다.</p>","[OSEN=고양, 박준형 기자] 3일 오후 경기도 고양시 MBC 드림센터에서 ‘쇼! 챔피언(Show! Champion 이하 쇼챔)’ 생방송이 진행됐다.",,,https://www.chosun.com/national/transport-environment/2025/12/03/XMMVXOKNQBF6DHVSB2KYEFA3BE/
"‘이재명 소년원 의혹 제기’ 강용석, 2심서 징역형 집유",https://www.chosun.com/national/court_law/2025/12/03/WHI57ESP6NAXFASTB7W6GQKG5E/,"Wed, 03 Dec 2025 07:51:13 +0000",사회,김은경 기자,,"<img src=""https://www.chosun.com/resizer/v2/GUZGGOBSGU2TOZTCHFSGENBXGA.jpg?auth=bf8da2279f89ccf90d054ce0b980f7fb6e0be4d936dbf5733ecccb9439b4765d&smart=true&width=4462&height=3581"" alt=""강용석 법무법인 넥스트로 대표변호사(왼쪽 사진)와 김세의 가로세로연구소 대표 /뉴스1"" height=""3581"" width=""4462""/><p>2022년 대선을 앞두고 이재명 대통령(당시 더불어민주당 대통령 후보)이 소년원 출신이라는 등 허위사실을 퍼뜨린 혐의로 기소된 강용석 변호사에게 3일 항소심 법원이 징역형 집행유예를 선고했다. 강 변호사에게 벌금 1000만원을 선고한 1심보다 형량을 높였다. </p>","[OSEN=고양, 박준형 기자] 3일 오후 경기도 고양시 MBC 드림센터에서 ‘쇼! 챔피언(Show! Champion 이하 쇼챔)’ 생방송이 진행됐다.",,,https://www.chosun.com/national/court_law/2025/12/03/WHI57ESP6NAXFASTB7W6GQKG5E/
제주공항 국제여객수 300만명 눈앞...역대 최고치 갈아치웠다,https://www.chosun.com/national/regional/2025/12/03/WDJUK5CKF5BZTE4RSZCZ3AE6OI/,"Wed, 03 Dec 2025 06:10:56 +0000",사회,제주=오재용 기자,,"<img src=""https://www.chosun.com/resizer/v2/GQ2WGY3FMIZDCYTEMQ3TGNZWGY.jpg?auth=3ea637eb2cbb9b33a20fbcb12dd9daf42e67b9a3892f638b3e80948100256a3a&smart=true&width=800&height=419"" alt=""3일 오전 제주국제공항 1층 도착장에서 '제주공항 국제선 여객 역대 최다 달성 기념식'이 열렸다./한국공항공사 제주공항"" height=""419"" width=""800""/><p>올해 제주국제공항 국제선 여객 수가 280만 명을 돌파하며 역대 최다치를 갈아치웠다.</p>","[OSEN=고양, 박준형 기자] 3일 오후 경기도 고양시 MBC 드림센터에서 ‘쇼! 챔피언(Show! Champion 이하 쇼챔)’ 생방송이 진행됐다.",,,https://www.chosun.com/national/regional/2025/12/03/WDJUK5CKF5BZTE4RSZCZ3AE6OI/
"사기죄 형량 ‘최대 30년’…형법 개정안, 국회 본회의 통과",https://www.chosun.com/national/court_law/2025/12/03/TBJJ4CNFXZAU5JU3SL4LOWWPRA/,"Wed, 03 Dec 2025 01:00:51 +0000",사회,김희래 기자,,"<p>법무부는 보이스피싱·투자 리딩방 등 불특정 다수를 상대로 사기를 저질러 형법상 사기죄로 처벌될 경우 최대 징역 30년까지 처할 수 있도록 한 형법 개정안이 국회 본회의를 통과했다고 3일 밝혔다.</p><img src=""https://www.chosun.com/resizer/v2/4BJCELYBUBI3ZNMCCYKPI3DXIY.jpg?auth=408c4dd28555b0b2dd690c0516078536e42891073e4ceef82d9e968fbc8e3b49&smart=true&width=3813&height=2606"" alt=""정성호 법무부 장관. /연합뉴스"" height=""2606"" width=""3813""/>","[OSEN=고양, 박준형 기자] 3일 오후 경기도 고양시 MBC 드림센터에서 ‘쇼! 챔피언(Show! Champion 이하 쇼챔)’ 생방송이 진행됐다.",,,https://www.chosun.com/national/court_law/2025/12/03/TBJJ4CNFXZAU5JU3SL4LOWWPRA/
"장수군, ‘농어촌 기본소득’ 시범사업 선정… 전 군민에 월 15만원 지급",https://www.chosun.com/national/regional/honam/2025/12/03/QP3VQDP7X5EZJJWWWZCCV42YBQ/,"Wed, 03 Dec 2025 07:25:15 +0000",사회,장수=김정엽 기자,,"<img src=""https://www.chosun.com/resizer/v2/EN37L3KDURSRVV6USL5L2ZKZY4.jpg?auth=628f27bbd3560ada4c8d6dca275ce768a6ddadd0d613ee90e488230f4395943a&smart=true&width=5106&height=2872"" alt=""장수군청사 전경./뉴스1"" height=""2872"" width=""5106""/><p>전북 장수군이 정부가 추진하는 ‘농어촌 기본소득 시범사업’ 대상지로 최종 선정됐다. 이에 따라 내년부터 2년간 장수군민 누구나 매달 15만원의 기본소득을 받게 된다.</p>","[OSEN=고양, 박준형 기자] 3일 오후 경기도 고양시 MBC 드림센터에서 ‘쇼! 챔피언(Show! Champion 이하 쇼챔)’ 생방송이 진행됐다.",,,https://www.chosun.com/national/regional/honam/2025/12/03/QP3VQDP7X5EZJJWWWZCCV42YBQ/
네덜란드서 “왜 히잡 안 써”…아빠와 두 오빠에게 죽임 당한 18세 소녀,https://www.chosun.com/international/international_general/2025/12/03/465W2TYATREQVPQ5ENRQPY5QGU/,"Tue, 02 Dec 2025 22:42:05 +0000",국제,김자아 기자,,"<img src=""https://www.chosun.com/resizer/v2/ZWSLDLJK7FCYDHZUWORWIR4IOQ.jpg?auth=0f14c69885c2078cb2a237db6a8d917b49ed7a8e6c924ae3c3bf84d9fef1794a&smart=true&width=801&height=608"" alt=""라이언 알 나자르./NL타임스 캡처"" height=""608"" width=""801""/><p>네덜란드에서 10대 소녀가 집안의 명예를 더럽혔다는 이유로 아버지와 두 오빠에게 살해당하는 일이 발생했다.</p>","[OSEN=고양, 박준형 기자] 3일 오후 경기도 고양시 MBC 드림센터에서 ‘쇼! 챔피언(Show! Champion 이하 쇼챔)’ 생방송이 진행됐다.",,,https://www.chosun.com/international/international_general/2025/12/03/465W2TYATREQVPQ5ENRQPY5QGU/
"하락세 종지부 찍나… 美 상업용 부동산, 저평가 논란 속 ‘재평가’ 움직임",https://www.chosun.com/international/international_general/2025/12/03/G5RGMMRYGIZDSNBXHA2DQZBZMM/,"Wed, 03 Dec 2025 08:00:03 +0000",국제,현정민 기자(조선비즈),"인공지능(AI) 거품론이 쉽사리 꺼지지 않는 가운데 미국 상업용 부동산 가치가 재평가되고 있다는 분석이 나온다. 그간 미국 상업용 부동산은 수익률 부진으로 거래량이 급감, 가격이 폭락하는 등 지속적 하락세를 보였으나 최근 들어 투자 심리가 회복되고 있다는 것이다.  2일(현지 시각) 월스트리트저널(WSJ)에 따르면, 미국 상업용 부동산을 두고 ‘상대적으로 ","<p>인공지능(AI) 거품론이 쉽사리 꺼지지 않는 가운데 미국 상업용 부동산 가치가 재평가되고 있다는 분석이 나온다. 그간 미국 상업용 부동산은 수익률 부진으로 거래량이 급감, 가격이 폭락하는 등 지속적 하락세를 보였으나 최근 들어 투자 심리가 회복되고 있다는 것이다.</p><img src=""https://www.chosun.com/resizer/v2/MYZTMNDDMQZDMNRWMM4WCNTFME.jpg?auth=ce853914220440dde72161d0c66821012ec3a56db5ad7a0ad1ef7275d4dd6081&smart=true&width=5000&height=3334"" alt=""미국 뉴욕 맨해튼 전경. /연합뉴스"" height=""3334"" width=""5000""/>","[OSEN=고양, 박준형 기자] 3일 오후 경기도 고양시 MBC 드림센터에서 ‘쇼! 챔피언(Show! Champion 이하 쇼챔)’ 생방송이 진행됐다.",https://www.chosun.com/resizer/v2/MYZTMNDDMQZDMNRWMM4WCNTFME.jpg?auth=ce853914220440dde72161d0c66821012ec3a56db5ad7a0ad1ef7275d4dd6081&smart=true&width=5000&height=3334,,https://www.chosun.com/international/international_general/2025/12/03/G5RGMMRYGIZDSNBXHA2DQZBZMM/
"한국 떠난 임효준, ‘린샤오쥔’으로 2026 올림픽 복귀",https://www.chosun.com/international/international_general/2025/12/03/YUCCXHYLQVCSBJR3J4K4BDWR3U/,"Wed, 03 Dec 2025 07:04:43 +0000",국제,정아임 기자,,"<img src=""https://www.chosun.com/resizer/v2/YKCHS25J7DKKKIKACXAFURSYMQ.jpg?auth=f935ff9ff160f447964bd4fbe4ca31c5582ebbb3ea609d531bb41164d06edae9&smart=true&width=1984&height=1328"" alt=""중국 대표팀 린샤오쥔(한국명 임효준)./뉴스1 "" height=""1328"" width=""1984""/><p>2018 평창 동계올림픽에서 한국 쇼트트랙 대표팀의 첫 금메달을 안겼던 임효준이 중국 귀화 후 ‘린샤오쥔’이라는 이름으로 다시 올림픽 무대에 선다.</p>","[OSEN=고양, 박준형 기자] 3일 오후 경기도 고양시 MBC 드림센터에서 ‘쇼! 챔피언(Show! Champion 이하 쇼챔)’ 생방송이 진행됐다.",https://www.chosun.com/resizer/v2/4WO4Y7TVYJHXFI2RQFXZR26GH4.JPG?auth=8ec136651ab43530967d83da174ada9d18eab9f9ef0d052c83e12408ba94445f&smart=true&width=1417&height=1062,,https://www.chosun.com/international/international_general/2025/12/03/YUCCXHYLQVCSBJR3J4K4BDWR3U/
"트럼프 행정부, 입국 제한 19개국 출신 이민 신청 일시 중단",https://www.chosun.com/international/international_general/2025/12/03/GI3WGNZSHAZTIYRXGIYGEOBTMQ/,"Wed, 03 Dec 2025 07:15:47 +0000",국제,백윤미 기자(조선비즈),도널드 트럼프 미국 행정부가 미국 입국이 제한된 19개국 출신 이민자들의 이민 신청 처리를 중단했다고 2일(현지 시각) 뉴욕타임스(NYT)가 보도했다.  트럼프 대통령은 지난 6월 포고문을 통해 총 19개국 국민의 미국 입국을 전면 혹은 부분적으로 제한하는 조치를 발표한 바 있다. 입국이 전면 금지된 국가는 ▲이란 ▲예멘 ▲아프가니스탄 ▲미얀마 ▲차드 ▲콩,"<p>도널드 트럼프 미국 행정부가 미국 입국이 제한된 19개국 출신 이민자들의 이민 신청 처리를 중단했다고 2일(현지 시각) 뉴욕타임스(NYT)가 보도했다.</p><img src=""https://www.chosun.com/resizer/v2/GZQTEYTGMIYTGMBYMRQWGYJTMQ.jpg?auth=a4e16dd1a8c7c932f18f4fadb1ad36ed5ce095ed8154745496634d943e304fbc&smart=true&width=3522&height=2348"" alt=""미국 이민세관단속국(ICE)과 미국 시민권 및 이민국(USCIS)이 입주해 있는 로스앤젤레스 연방청사 밖에 사람들이 줄을 서 있다. /AP=연합뉴스"" height=""2348"" width=""3522""/>","[OSEN=고양, 박준형 기자] 3일 오후 경기도 고양시 MBC 드림센터에서 ‘쇼! 챔피언(Show! Champion 이하 쇼챔)’ 생방송이 진행됐다.",https://www.chosun.com/resizer/v2/GZQTEYTGMIYTGMBYMRQWGYJTMQ.jpg?auth=a4e16dd1a8c7c932f18f4fadb1ad36ed5ce095ed8154745496634d943e304fbc&smart=true&width=3522&height=2348,,https://www.chosun.com/international/international_general/2025/12/03/GI3WGNZSHAZTIYRXGIYGEOBTMQ/
"“여친 옆자리로 바꿔줘” 난동...中 항공기, 착륙 30분 앞두고 회항",https://www.chosun.com/international/topic/2025/12/03/FPHVZKDCIVE2FN5FYDX5CON3NQ/,"Wed, 03 Dec 2025 06:00:11 +0000",국제,정아임 기자,,"<img src=""https://www.chosun.com/resizer/v2/ON7LN6CJN5D7PKFCWC2GZ6IGGY.jpg?auth=6d3bb2d90a5add384499c5d409755fe2faf807ab9727fb9a9a1c994c948244e3&smart=true&width=745&height=578"" alt=""좌석 변경을 요구하는 승객을 상대하는 승무원의 모습./데일리메일"" height=""578"" width=""745""/><p>여자친구 옆자리에 앉게 해 달라며 승무원에게 난동을 부린 남성 때문에 일본발 중국 항공기가 상하이 도착 30분을 남기고 긴급 회항하는 소동이 벌어졌다.</p>","[OSEN=고양, 박준형 기자] 3일 오후 경기도 고양시 MBC 드림센터에서 ‘쇼! 챔피언(Show! Champion 이하 쇼챔)’ 생방송이 진행됐다.",,,https://www.chosun.com/international/topic/2025/12/03/FPHVZKDCIVE2FN5FYDX5CON3NQ/
“알프스 마테호른에 ‘65층 아파트’ 짓겠다”… 주민 반응은 싸늘,https://www.chosun.com/international/international_general/2025/12/03/5EXF53WCLBEXTGAY5LNUOQC6EA/,"Wed, 03 Dec 2025 06:06:14 +0000",국제,문지연 기자,,"<img src=""https://www.chosun.com/resizer/v2/FJXP65TVUNFNXCLVDVMPML4M6M.jpg?auth=8de325092d45802c28a771f643f13e6e2552d9dd3b9513e975c9d9fbf2efc7f9&smart=true&width=1016&height=721"" alt=""스위스 체르마트 마을에 들어설 초고층 빌딩 건설 계획. /리나 피크 홈페이지"" height=""721"" width=""1016""/><p>한 스위스 건축가가 알프스 4대 최고봉 중 하나인 마테호른(4478m)에 65층짜리 고층 빌딩을 세우겠다고 나섰다. 주거난 해결을 위해 나온 계획이지만 주민들 반응은 차갑다.</p>","[OSEN=고양, 박준형 기자] 3일 오후 경기도 고양시 MBC 드림센터에서 ‘쇼! 챔피언(Show! Champion 이하 쇼챔)’ 생방송이 진행됐다.",https://www.chosun.com/resizer/v2/7XY33PJKXNCYRDALQ47HASGQ6E.jpg?auth=778029a16551e45c03652ad36603cac853abd481e961386264acb837544dbb4d&smart=true&width=1016&height=572,,https://www.chosun.com/international/international_general/2025/12/03/5EXF53WCLBEXTGAY5LNUOQC6EA/
"“닷컴 버블의 재림” 英 영란은행, 7350조원 AI 빚잔치에 ‘급격한 조정’ 경고",https://www.chosun.com/international/international_general/2025/12/03/HAZWEOJZG5TDAZRUMIYGIZLFGY/,"Wed, 03 Dec 2025 06:10:02 +0000",국제,유진우 기자(조선비즈),"영국 중앙은행인 영란은행(BOE)이 전 세계적으로 불고 있는 인공지능(AI) 열풍 뒤에 금융 시스템 붕괴 위험이 도사리고 있다고 강력하게 경고했다. AI 관련 기술 기업들 주가가 2000년대 초반 ‘닷컴 버블’ 붕괴 직전 수준까지 치솟았고, 이 거품이 터질 경우 글로벌 금융 시장에 급격한 조정(sharp correction)이 발생해 경제 전반을 뒤흔들 수","<p>영국 중앙은행인 영란은행(BOE)이 전 세계적으로 불고 있는 인공지능(AI) 열풍 뒤에 금융 시스템 붕괴 위험이 도사리고 있다고 강력하게 경고했다.</p><p>AI 관련 기술 기업들 주가가 2000년대 초반 ‘닷컴 버블’ 붕괴 직전 수준까지 치솟았고, 이 거품이 터질 경우 글로벌 금융 시장에 급격한 조정(sharp correction)이 발생해 경제 전반을 뒤흔들 수 있다는 분석이다.</p>","[OSEN=고양, 박준형 기자] 3일 오후 경기도 고양시 MBC 드림센터에서 ‘쇼! 챔피언(Show! Champion 이하 쇼챔)’ 생방송이 진행됐다.",https://www.chosun.com/resizer/v2/GVSWMMDEMY3TQYJYG5SWEOBSGU.jpg?auth=24e5e16121eb3484bc76a244bf9080dd63d0bfe81a73d4a5473cb0043358e387&smart=true&width=3300&height=2200,,https://www.chosun.com/international/international_general/2025/12/03/HAZWEOJZG5TDAZRUMIYGIZLFGY/
"AI 패권전쟁 본격화… 오픈AI, 내부 경보 ‘레드’ 띄우고 구글 견제",https://www.chosun.com/international/international_general/2025/12/03/MY3DCOBXGU2GKYJQMYYTQYLBHA/,"Wed, 03 Dec 2025 05:58:45 +0000",국제,백윤미 기자(조선비즈),오픈AI가 최근 사내 전 직원에게 전사 비상령 ‘코드 레드’를 발령하며 챗GPT 품질 개선에 총력을 기울이고 있는 것으로 나타났다. 구글이 제미나이3 모델을 공개하며 AI 경쟁 구도가 뒤흔들리자 오픈AI가 사실상 비상체제에 돌입했다는 분석이 나온다.  2일(현지 시각) 월스트리트저널(WSJ)에 따르면 샘 알트먼 오픈AI 최고경영자(CEO)는 내부 메모에서 ,"<p>오픈AI가 최근 사내 전 직원에게 전사 비상령 ‘코드 레드’를 발령하며 챗GPT 품질 개선에 총력을 기울이고 있는 것으로 나타났다. 구글이 제미나이3 모델을 공개하며 AI 경쟁 구도가 뒤흔들리자 오픈AI가 사실상 비상체제에 돌입했다는 분석이 나온다.</p><img src=""https://www.chosun.com/resizer/v2/GNTDKNJTGMZDCOBSMM4TMYTCHA.jpg?auth=aa3f86a4f95d691c20f6d8bc2c3d6ba423276738a7bc50c1c9f7cb7bc85e251d&smart=true&width=4597&height=3170"" alt=""스마트폰에 챗GPT, 제미나이 앱이 설치돼있는 모습. /EPA=연합뉴스"" height=""3170"" width=""4597""/>","[OSEN=고양, 박준형 기자] 3일 오후 경기도 고양시 MBC 드림센터에서 ‘쇼! 챔피언(Show! Champion 이하 쇼챔)’ 생방송이 진행됐다.",https://www.chosun.com/resizer/v2/GNTDKNJTGMZDCOBSMM4TMYTCHA.jpg?auth=aa3f86a4f95d691c20f6d8bc2c3d6ba423276738a7bc50c1c9f7cb7bc85e251d&smart=true&width=4597&height=3170,,https://www.chosun.com/international/international_general/2025/12/03/MY3DCOBXGU2GKYJQMYYTQYLBHA/
"비난하고 자화자찬하고… 美 트럼프, 5시간 동안 SNS 게시글 160건",https://www.chosun.com/international/international_general/2025/12/03/MRRDQOJXMVTDMZLFMZRWKZLEMI/,"Wed, 03 Dec 2025 05:46:13 +0000",국제,배동주 기자(조선비즈)," 도널드 트럼프 미국 대통령이 약 5시간 동안 소셜미디어(SNS)에 160건의 게시글을 쏟아냈다. 3일 영국 매체 가디언 등에 따르면, 트럼프 대통령은 2일(현지 시각) 미국 동부 시간으로 오후 7시 9분부터 11시 57분까지 자신이 설립한 SNS 트루스소셜에서 160개 게시물을 올렸다. 게시물 상당수는 자신의 반대파를 겨냥한 것으로 파악됐다. 구체적으로 ","<img src=""https://www.chosun.com/resizer/v2/GZQWEMBUHAZDKMDEMYYTOODBME.jpg?auth=10e127a088a5c7847b6b172b03ca12726d0136ab4c79d356a554a96eeb9be7b4&smart=true&width=2647&height=1765"" alt=""도널드 트럼프 미국 대통령. /연합뉴스"" height=""1765"" width=""2647""/><p>도널드 트럼프 미국 대통령이 약 5시간 동안 소셜미디어(SNS)에 160건의 게시글을 쏟아냈다.</p>","[OSEN=고양, 박준형 기자] 3일 오후 경기도 고양시 MBC 드림센터에서 ‘쇼! 챔피언(Show! Champion 이하 쇼챔)’ 생방송이 진행됐다.",https://www.chosun.com/resizer/v2/GZQWEMBUHAZDKMDEMYYTOODBME.jpg?auth=10e127a088a5c7847b6b172b03ca12726d0136ab4c79d356a554a96eeb9be7b4&smart=true&width=2647&height=1765,,https://www.chosun.com/international/international_general/2025/12/03/MRRDQOJXMVTDMZLFMZRWKZLEMI/
"러 황실 보물 ‘파베르제 달걀’, 역대 최고가 444억원에 낙찰",https://www.chosun.com/international/international_general/2025/12/03/NIIZ2BVKGFEOVO77MI23R77K5E/,"Wed, 03 Dec 2025 03:01:40 +0000",국제,박선민 기자,,"<img src=""https://www.chosun.com/resizer/v2/BKVDJKZQH5IYLFTIXW5XAVK2L4.jpg?auth=55d3a6df87d11b18603d1a0fa71e798c8f2d0af26f9d61dee78beca7ae4ec519&smart=true&width=7903&height=5269"" alt=""2290만 파운드(약 444억원)에 낙찰된 파베르제의 달걀 '윈터 에그'. /AP 연합뉴스 "" height=""5269"" width=""7903""/><p>러시아 황실 보물 ‘파베르제의 달걀’이 런던 크리스티 경매에서 기존 최고가보다 훨씬 높은 2290만 파운드(약 444억원)에 팔렸다.</p>","[OSEN=고양, 박준형 기자] 3일 오후 경기도 고양시 MBC 드림센터에서 ‘쇼! 챔피언(Show! Champion 이하 쇼챔)’ 생방송이 진행됐다.",,,https://www.chosun.com/international/international_general/2025/12/03/NIIZ2BVKGFEOVO77MI23R77K5E/
"솔비, 이번엔 드라마 작가 데뷔… 첫 작품은 ‘전 남친은 톱스타’  ",https://www.chosun.com/culture-life/k-culture/2025/12/03/X646MGQOC5DBDGL6KS4N6YLPEY/,"Wed, 03 Dec 2025 08:10:40 +0000",문화,최혜승 기자 ,,"<img src=""https://www.chosun.com/resizer/v2/6QVJGG6ZJFDI3BZNFLNRSS3ML4.JPG?auth=ccccfe9c19f5fc14faf72d9fddbc5ff74e637412112559ac7f17f84107544bd5&smart=true&width=2326&height=1744"" alt=""가수 솔비 /뉴스1"" height=""1744"" width=""2326""/><p>가수 겸 화가 솔비(권지안)가 드라마 작가로 데뷔했다. </p>","[OSEN=고양, 박준형 기자] 3일 오후 경기도 고양시 MBC 드림센터에서 ‘쇼! 챔피언(Show! Champion 이하 쇼챔)’ 생방송이 진행됐다.",,,https://www.chosun.com/culture-life/k-culture/2025/12/03/X646MGQOC5DBDGL6KS4N6YLPEY/
“다이소는 1000원인데”… 루이비통 141만원 붕어빵 키링에 술렁,https://www.chosun.com/culture-life/fashion-beauty/2025/12/03/NWB5BXN6JFCVDHBB5LYMAR5I2A/,"Wed, 03 Dec 2025 08:03:47 +0000",문화,문지연 기자,,"<img src=""https://www.chosun.com/resizer/v2/NGNISZTTHBAI3IDPZIB4OJDJVA.jpg?auth=5b509345c0c23e2be9df2a9555cb30d1f1f3601d9972451e32311a9538a4efb7&smart=true&width=975&height=804"" alt=""루이비통이 이탈리아산 가죽으로 제작한 ‘LV 붕어빵 백 참’ 제품. /루이비통 홈페이지"" height=""804"" width=""975""/><p>프랑스 명품 브랜드 루이비통이 고가의 붕어빵 모양 키링을 출시해 눈길을 끌고 있다.</p>","[OSEN=고양, 박준형 기자] 3일 오후 경기도 고양시 MBC 드림센터에서 ‘쇼! 챔피언(Show! Champion 이하 쇼챔)’ 생방송이 진행됐다.",,,https://www.chosun.com/culture-life/fashion-beauty/2025/12/03/NWB5BXN6JFCVDHBB5LYMAR5I2A/
"야노시호 동의 없이 집 공개하더니… 추성훈, ‘최고 인기 유튜버’ 올랐다",https://www.chosun.com/culture-life/culture_general/2025/12/03/3SEG3UP67ZHV3CXFS7VRC6YFOI/,"Wed, 03 Dec 2025 07:43:33 +0000",문화,박선민 기자,,"<img src=""https://www.chosun.com/resizer/v2/M57BUBKJ3ZEMXEVEU35OLPF66E.JPG?auth=346e7e636a89b77b8b522c42e1dcae8f168e19384040424c10d84483bed75f4d&smart=true&width=3028&height=1703"" alt=""격투기 선수 추성훈이 지난 7월 18일 인천 중구 파라다이스시티에서 열린 ‘제4회 청룡시리즈어워즈’에 참석해 포즈를 취하고 있다. /뉴스1"" height=""1703"" width=""3028""/><p>올해 국내 유튜브 최고 인기 크리에이터로 격투기 선수 출신 추성훈이 꼽혔다.</p>","[OSEN=고양, 박준형 기자] 3일 오후 경기도 고양시 MBC 드림센터에서 ‘쇼! 챔피언(Show! Champion 이하 쇼챔)’ 생방송이 진행됐다.",,,https://www.chosun.com/culture-life/culture_general/2025/12/03/3SEG3UP67ZHV3CXFS7VRC6YFOI/
[김한수의 오마이갓] “기쁘고 떳떳하게” “헛된 험담 신경 쓰지 않기”,https://www.chosun.com/culture-life/relion-academia/2025/12/03/DO4HKQJKJBHJXEWFJED4VSKNMM/,"Tue, 02 Dec 2025 21:00:01 +0000",문화,김한수 기자,,"<img src=""https://www.chosun.com/resizer/v2/BA3JBUPYVJAOLAN2Q6E7DO7XAA.jpg?auth=f06218480db8b49f8c2b5f90e1b935ab5adbe279cd36d3fa42731183c51ae049&smart=true&width=1000&height=763"" alt=""로마 성 알퐁소 마리아 데 리구오리 교구 교회에서 지난 2014년 1월 6일 프란치스코 교황이 새끼 양을 목에 두르고 있다. /AFP 연합뉴스"" height=""763"" width=""1000""/><p>여러분 한 주 동안 안녕하셨습니까. 올해도 이제 한 달이 채 남지 않았습니다. 올해도 종교계 거인들이 세상을 떠났습니다. 오늘은 그분들이 남긴 말씀을 정리하며 한 해를 정리해 볼까 합니다.</p>","[OSEN=고양, 박준형 기자] 3일 오후 경기도 고양시 MBC 드림센터에서 ‘쇼! 챔피언(Show! Champion 이하 쇼챔)’ 생방송이 진행됐다.",,,https://www.chosun.com/culture-life/relion-academia/2025/12/03/DO4HKQJKJBHJXEWFJED4VSKNMM/
황경환 이사장 ‘아이젠하워 메달’ 수상,https://www.chosun.com/culture-life/relion-academia/2025/12/03/YC443BJD3JCOFG6K2MRCDRST5M/,"Wed, 03 Dec 2025 06:14:34 +0000",문화,김한수 기자,,"<img src=""https://www.chosun.com/resizer/v2/SGQIWQOPRBAO3IHZTHABM7LD4Y.png?auth=7f14f9b53196cf2b42e053b320bce03325d359dca39505fd702289984ffdab49&smart=true&width=2289&height=2861"" alt=""황경환 21세기불교포럼 이사장."" height=""2861"" width=""2289""/><p>황경환 21세기불교포럼 이사장은 5일 서울 롯데호텔에서 열리는 국제피플투피플(PTPI) 한국본부 창립 60주년 행사에서 ‘아이젠하워 메달’을 수상한다. PTPI는 아이젠하워 전 미국 대통령이 1956년 설립한 민간외교 단체로 ‘아이젠하워 메달’은 레이건 전 미국 대통령과 넬슨 만델라 전 남아공 대통령, 마더 테레사 등이 수상했다. 한국인으로는 반기문 전 유엔 사무총장이 2018년 수상했다. 황 이사장은 한국본부 13대(1996~1997) 총재를 지냈으며 2006년 쓰나미 피해를 입은 스리랑카에 학생복지관을 건립하는 등 국내외 어려운 이들을 도왔다.</p>","[OSEN=고양, 박준형 기자] 3일 오후 경기도 고양시 MBC 드림센터에서 ‘쇼! 챔피언(Show! Champion 이하 쇼챔)’ 생방송이 진행됐다.",,,https://www.chosun.com/culture-life/relion-academia/2025/12/03/YC443BJD3JCOFG6K2MRCDRST5M/
연봉 1억 받던 김대호 “퇴사 9개월 만에 4년치 벌어”,https://www.chosun.com/culture-life/k-culture/2025/12/03/CI5C5HA5KFANVOMEYCH4KYAQYY/,"Wed, 03 Dec 2025 01:41:42 +0000",문화,김가연 기자,,"<img src=""https://www.chosun.com/resizer/v2/M5BP5G3RMVA6PNLVVJ5ZJEE5B4.png?auth=13708feed93e1d2248b782ee0438fb72d7c0e49af738dfee641ba9dafc394f3b&smart=true&width=1791&height=1066"" alt=""MBC 아나운서 출신 방송인 김대호. /유튜브"" height=""1066"" width=""1791""/><p>MBC 아나운서 출신 방송인 김대호가 퇴사 후 9개월간 4년 치 연봉에 해당하는 금액을 벌었다고 밝혔다.</p>","[OSEN=고양, 박준형 기자] 3일 오후 경기도 고양시 MBC 드림센터에서 ‘쇼! 챔피언(Show! Champion 이하 쇼챔)’ 생방송이 진행됐다.",https://www.chosun.com/resizer/v2/4ZCDEZHZKVCVFIXDY7UIVWFEQE.JPG?auth=5e55f292866d01566d72441de7ed5a7bc96f400bb13a316662f149f7dab457c6&smart=true&width=2369&height=1333,,https://www.chosun.com/culture-life/k-culture/2025/12/03/CI5C5HA5KFANVOMEYCH4KYAQYY/
부자 나라에서 잘 걸려…카다시안도 “고통스럽다” 호소한 이 병,https://www.chosun.com/culture-life/culture_general/2025/12/03/R3TYQEANKVABTFNRSXQGC727CU/,"Wed, 03 Dec 2025 02:55:19 +0000",문화,김자아 기자,,"<img src=""https://www.chosun.com/resizer/v2/WFEVYS3MEVFKTOYPNS5WIP2WQ4.jpg?auth=a6cb90a31abc152910a7d13fdb051b5ba334b1e339bba5b11bf43747c1461e8a&smart=true&width=650&height=496"" alt=""모델 킴 카다시안./인스타그램"" height=""496"" width=""650""/><p>부유한 지역에서 염증성 피부 질환 발병이 더 높다는 연구 결과가 나왔다.</p>","[OSEN=고양, 박준형 기자] 3일 오후 경기도 고양시 MBC 드림센터에서 ‘쇼! 챔피언(Show! Champion 이하 쇼챔)’ 생방송이 진행됐다.",,,https://www.chosun.com/culture-life/culture_general/2025/12/03/R3TYQEANKVABTFNRSXQGC727CU/
김밥도 말고 한강 라면… 할리우드 스타들 ‘찐 한국 투어’,https://www.chosun.com/culture-life/culture_general/2025/12/03/A66CEE5QP5F5DFWO2K63AC63YA/,"Tue, 02 Dec 2025 15:43:00 +0000",문화,백수진 기자,,"<p>동네 국밥집에서 할리우드 배우를 마주친다면? 최근 서울 곳곳에서 해외 스타를 봤다는 목격담이 잇따르고 있다. K콘텐츠의 세계적 열풍 속에, 촬영이나 홍보가 아닌 개인 휴가를 위해 한국을 찾는 스타가 늘고 있다. 조용히 입국해 가족·친구와 시간을 보내다가, 우연히 한국 팬에게 포착된 사진이 소셜미디어에 올라오는 모습이 더 이상 낯설지 않다. 한식 요리 수업부터 K뷰티 체험까지, 각자의 취향이 드러나는 할리우드 스타들의 한국 여행법을 유형별로 살펴봤다.</p><img src=""https://www.chosun.com/resizer/v2/SCVDQFC47RC3RJ5JOADB2CRVAI.jpg?auth=0edd68f88402cf9a5ae6f2dbe63fc93b94980b2ea0b21bf8720317851a793022&smart=true&width=2099&height=1828"" alt=""배우 샤를리즈 테론이 지난달 말 서울 성동구의 쿠킹 클래스에서 김밥 마는 법을 배우고 있다. /인스타그램"" height=""1828"" width=""2099""/>","[OSEN=고양, 박준형 기자] 3일 오후 경기도 고양시 MBC 드림센터에서 ‘쇼! 챔피언(Show! Champion 이하 쇼챔)’ 생방송이 진행됐다.",https://www.chosun.com/resizer/v2/NPXGXYOI5JB73PMBV2CWNBIQY4.png?auth=644034218f3b8487574b98d54964580a3f37353cc9b92fbde21d9f4a6cff6c62&smart=true&width=1200&height=675,,https://www.chosun.com/culture-life/culture_general/2025/12/03/A66CEE5QP5F5DFWO2K63AC63YA/
이준호 “결혼은 아직… 믿고 보는 배우 돼야죠” ,https://www.chosun.com/culture-life/k-culture/2025/12/03/HZSJO2WAGBC23A5SNQWTT4CW5I/,"Tue, 02 Dec 2025 21:00:00 +0000",문화,이가영 기자,,"<img src=""https://www.chosun.com/resizer/v2/FV46HNZDMZAG5ABQO7GQWX22RY.jpg?auth=f39ef319fd340c7636e7ea81bb14f0cf8a1df4c2f067f20d0dccdb12875644fe&smart=true&width=1500&height=1875"" alt=""배우 이준호. /O3 Collective"" height=""1875"" width=""1500""/><p>배우 이준호, 하면 자연스레 ‘흥행’이라는 말이 뒤따른다. 2022년 MBC ‘옷소매 붉은 끝동’(17.4%), 2023년 JTBC ‘킹더랜드’(13.8%)에 이어 지난달 30일 종영한 tvN ‘태풍상사’(10.2%)로 세 작품 연속 두 자릿수 시청률을 찍은 주연 배우가 됐다. 일부 지상파 드라마 시청률이 1%대인 요즘 상황을 고려하면 그야말로 흥행 ‘태풍’이다. </p>","[OSEN=고양, 박준형 기자] 3일 오후 경기도 고양시 MBC 드림센터에서 ‘쇼! 챔피언(Show! Champion 이하 쇼챔)’ 생방송이 진행됐다.",,,https://www.chosun.com/culture-life/k-culture/2025/12/03/HZSJO2WAGBC23A5SNQWTT4CW5I/
전통춤의 거목 이매방 10주기 추모 공연 열려,https://www.chosun.com/culture-life/performance-arts/2025/12/03/S3KU4HM7P5BINIQKWJIDYGHWZM/,"Tue, 02 Dec 2025 15:41:00 +0000",문화,이태훈 기자,,"<img src=""https://www.chosun.com/resizer/v2/6WKT7MF44RABPAW6VL32JZVGEA.jpg?auth=f31be3ea649d978bf0a4ecd5719deada6af36a4ed7d24ec7a1a2c0c37220f86a&smart=true&width=3888&height=2551"" alt=""생전 이매방 선생의 '승무' 공연 모습. /우봉이매방아트컴퍼니"" height=""2551"" width=""3888""/><p>한국 전통춤의 거목 우봉(宇峰) 이매방(李梅芳·1927~2015) 10주기 추모 공연 ‘나는 이매방이다’가 9·10일 이틀간 서울 광화문 세종문화회관 대극장에서 열린다. 이매방은 국가무형문화재(현 국가무형유산) 승무 및 살풀이춤 보유자로, 한국 전통춤의 원형을 지키면서 예술성과 창조성을 더해 세계적인 수준으로 끌어올린 인물로 꼽힌다.</p>","[OSEN=고양, 박준형 기자] 3일 오후 경기도 고양시 MBC 드림센터에서 ‘쇼! 챔피언(Show! Champion 이하 쇼챔)’ 생방송이 진행됐다.",,,https://www.chosun.com/culture-life/performance-arts/2025/12/03/S3KU4HM7P5BINIQKWJIDYGHWZM/
[사설] 한국서 돈 벌고 미국에 숨어 있는 쿠팡 오너의 무책임,https://www.chosun.com/opinion/editorial/2025/12/03/SINMRWHJ5FECDLJGV2KYVBNFFQ/,"Tue, 02 Dec 2025 15:00:00 +0000",오피니언,조선일보,,"<iframe width=""560"" height=""315"" src=""https://www.youtube.com/embed/_1DXUlfd1zQ?feature=oembed"" frameborder=""0"" allow=""accelerometer; autoplay; clipboard-write; encrypted-media; gyroscope; picture-in-picture; web-share"" referrerpolicy=""strict-origin-when-cross-origin"" allowfullscreen title=""[사설] 한국서 돈 벌고 미국에 숨어 있는 쿠팡 오너의 무책임 | 이인열 논설위원""></iframe><img src=""https://www.chosun.com/resizer/v2/ED25252UJRJ5THXKZXM4IACYKY.jpg?auth=0e730d10f8ef3fca32134bad87a3960291927678a97eedd3cb5830eeddbd8530&smart=true&width=6000&height=4000"" alt=""2일 서울 여의도 국회에서 열린 과학기술정보방송통신위원회의 쿠팡 개인정보 유출 사고 관련 현안질의에서 이상휘 국민의힘 의원 책상에 김범석 쿠팡 의장의 사진기사 프린트가 놓여 있다./뉴시스"" height=""4000"" width=""6000""/>","[OSEN=고양, 박준형 기자] 3일 오후 경기도 고양시 MBC 드림센터에서 ‘쇼! 챔피언(Show! Champion 이하 쇼챔)’ 생방송이 진행됐다.",https://www.chosun.com/resizer/v2/ED25252UJRJ5THXKZXM4IACYKY.jpg?auth=0e730d10f8ef3fca32134bad87a3960291927678a97eedd3cb5830eeddbd8530&smart=true&width=6000&height=4000,,https://www.chosun.com/opinion/editorial/2025/12/03/SINMRWHJ5FECDLJGV2KYVBNFFQ/
"[팔면봉] 與 의원, 尹 내란 무죄 선고하는 판사 ‘법 왜곡죄’ 처벌할 수 있다고. 외",https://www.chosun.com/opinion/palmyeonbong/2025/12/03/3KU7M4G4QJDJRKBFIM6GA53GXA/,"Tue, 02 Dec 2025 15:10:00 +0000",오피니언,조선일보,,"<p>○與 의원, 尹 내란 무죄 선고하는 판사 ‘법 왜곡죄’ 처벌할 수 있다고. 발상도 놀랍지만 그걸 떠들기까지…</p><p>○12·3 비상계엄 선포 사태 1년. ‘자유민주주의 체제 수호’ 외쳤던 그분, ‘체제 해체의 문’ 열어준 건 알려나.</p>","[OSEN=고양, 박준형 기자] 3일 오후 경기도 고양시 MBC 드림센터에서 ‘쇼! 챔피언(Show! Champion 이하 쇼챔)’ 생방송이 진행됐다.",,,https://www.chosun.com/opinion/palmyeonbong/2025/12/03/3KU7M4G4QJDJRKBFIM6GA53GXA/
[5분 칼럼] 윤석열 재판을 많은 분이 봤으면 하는 이유 ,https://www.chosun.com/opinion/2025/12/03/W7KZLCF3ARFEJEH2WPY4R6SPWU/,"Tue, 02 Dec 2025 21:00:01 +0000",오피니언,조선일보,,"<img src=""https://www.chosun.com/resizer/v2/V74XOO2HI5A67ITBBCUZLWIPUY.jpg?auth=4717d3900d501ed84b3a1fcbc9567e599abe1f591a9b76809aff08fbd7d601da&smart=true&width=2187&height=1517"" alt=""윤석열 전 대통려이 11월 20일 법정에서 증언하고 있다. 윤 전 대통령은 이날 법정에서 여인형 전 방첩사령관에 대해 ""이 자식이 이거 대체 방첩사령관이란 놈이 수사의 시옷자도 모른다""라고 말했다. /sbs 인터넷 캡처"" height=""1517"" width=""2187""/><p><b>◇[정우상 칼럼] 윤석열 재판을 많은 분이 봤으면 하는 이유 </b></p>","[OSEN=고양, 박준형 기자] 3일 오후 경기도 고양시 MBC 드림센터에서 ‘쇼! 챔피언(Show! Champion 이하 쇼챔)’ 생방송이 진행됐다.",,,https://www.chosun.com/opinion/2025/12/03/W7KZLCF3ARFEJEH2WPY4R6SPWU/
"[사설] 계엄 사태 1년, 위헌 尹 단죄 불가피, 민주당도 헌법 지키라",https://www.chosun.com/opinion/editorial/2025/12/03/SA5IXAIEABG5TJWFUW2VWANFSU/,"Tue, 02 Dec 2025 15:20:00 +0000",오피니언,조선일보,,"<p><div data-player-id=""4fc5e1c9-d7ce-420a-a7b0-139e4c663e02""><script src=""//cdn.flowplayer.com/players/a4591207-db67-4f93-83a7-c19387f71f0c/native/flowplayer.async.js"">{""src"":""40b4ef03-cb63-4878-b726-874341d1773a"",""plugins"":[""audio""]}</script></div></p><img src=""https://www.chosun.com/resizer/v2/HEZDSZBTG5SWCZDGGY3WKYRUME.jpg?auth=f55720b8d94fe0a9061fb66a16040b31eca96519a69cdeea41d7977b700c1798&smart=true&width=3413&height=1949"" alt=""비상계엄 사태 1년을 맞아 오는 3일 국회 일대에서 ‘시민대행진’이 열릴 예정이다. 이번 행사는 지난해 민주주의가 위협받았던 상황에서 시민들이 직접 거리로 나서 의사를 표출했던 경험을 다시 한번 환기시키고, 새 정부가 내세운 국정 기조 ‘국민주권주의’를 상징하는 행사로 풀이된다. 사진은 국회 야경에 비상계엄 윤석열 전 대통령 탄핵 집회 레이어 합성. 기사 내용과 무관. /뉴스1 "" height=""1949"" width=""3413""/>","[OSEN=고양, 박준형 기자] 3일 오후 경기도 고양시 MBC 드림센터에서 ‘쇼! 챔피언(Show! Champion 이하 쇼챔)’ 생방송이 진행됐다.",,,https://www.chosun.com/opinion/editorial/2025/12/03/SA5IXAIEABG5TJWFUW2VWANFSU/
"[사설] 목숨 앗은 강압수사, 민주당 뺀 기소, 민중기 특검 범죄적 행태",https://www.chosun.com/opinion/editorial/2025/12/03/OW4II7F5WJAZPOF73KCB3VO6K4/,"Tue, 02 Dec 2025 15:10:00 +0000",오피니언,조선일보,,"<p><div data-player-id=""4fc5e1c9-d7ce-420a-a7b0-139e4c663e02""><script src=""//cdn.flowplayer.com/players/a4591207-db67-4f93-83a7-c19387f71f0c/native/flowplayer.async.js"">{""src"":""c4e11942-c10f-4fa3-ade7-a2f7dc9707ed"",""plugins"":[""audio""]}</script></div></p><img src=""https://www.chosun.com/resizer/v2/GZTDKZBTGFRWGMJRHBRDQZBVME.jpg?auth=132ca3774ce170c3b5428f2740c1ed79456c79dca9f7bc8a78f84d72f0afab0e&smart=true&width=2700&height=1800"" alt=""윤석열 전 대통령의 부인 김건희 여사 의혹 관련 사건을 맡은 민중기 특별검사가 지난 7월 2일 오전 서울 종로구 KT광화문빌딩 웨스트에 마련된 특검 사무실에서 현판 제막을 마친 뒤 발언을 하고 있다. /뉴스1 "" height=""1800"" width=""2700""/>","[OSEN=고양, 박준형 기자] 3일 오후 경기도 고양시 MBC 드림센터에서 ‘쇼! 챔피언(Show! Champion 이하 쇼챔)’ 생방송이 진행됐다.",,,https://www.chosun.com/opinion/editorial/2025/12/03/OW4II7F5WJAZPOF73KCB3VO6K4/
[정우상 칼럼] 윤석열 재판을 많은 분이 봤으면 하는 이유,https://www.chosun.com/opinion/column/2025/12/02/W2P52545CNCQ7HBMURWEGNH5GQ/,"Tue, 02 Dec 2025 14:55:00 +0000",오피니언,정우상 논설위원,,"<p><div data-player-id=""4fc5e1c9-d7ce-420a-a7b0-139e4c663e02""><script src=""//cdn.flowplayer.com/players/a4591207-db67-4f93-83a7-c19387f71f0c/native/flowplayer.async.js"">{""src"":""f87a2be5-5dcb-41eb-8331-b2bd14e3bf6e"",""plugins"":[""audio""]}</script></div></p><img src=""https://www.chosun.com/resizer/v2/V74XOO2HI5A67ITBBCUZLWIPUY.jpg?auth=4717d3900d501ed84b3a1fcbc9567e599abe1f591a9b76809aff08fbd7d601da&smart=true&width=2187&height=1517"" alt=""윤석열 전 대통려이 11월 20일 법정에서 증언하고 있다. 윤 전 대통령은 이날 법정에서 여인형 전 방첩사령관에 대해 ""이 자식이 이거 대체 방첩사령관이란 놈이 수사의 시옷자도 모른다""라고 말했다. /sbs 인터넷 캡처"" height=""1517"" width=""2187""/>","[OSEN=고양, 박준형 기자] 3일 오후 경기도 고양시 MBC 드림센터에서 ‘쇼! 챔피언(Show! Champion 이하 쇼챔)’ 생방송이 진행됐다.",https://www.chosun.com/resizer/v2/SOMIMPXPLBHFBBWXPQ4RWAUAXI.png?auth=6a8cd6b1816418d732577896be6e9aa7c46168f0a2effbab31a18ed8c9b79f54&smart=true&width=3100&height=2209,,https://www.chosun.com/opinion/column/2025/12/02/W2P52545CNCQ7HBMURWEGNH5GQ/
[김준의 맛과 섬] [268] 여수 금오도 서대회무침 백반 ,https://www.chosun.com/opinion/specialist_column/2025/12/02/F3FYCSIZQBHCHHDA7B3GEQ4UZU/,"Tue, 02 Dec 2025 14:40:00 +0000",오피니언,김준 전남대 학술연구교수,,"<p><div data-player-id=""4fc5e1c9-d7ce-420a-a7b0-139e4c663e02""><script src=""//cdn.flowplayer.com/players/a4591207-db67-4f93-83a7-c19387f71f0c/native/flowplayer.async.js"">{""src"":""ecc7b3a9-0730-4641-a44c-9bde3fffde89"",""plugins"":[""audio""]}</script></div></p><img src=""https://www.chosun.com/resizer/v2/2O2PAGYFXFDWJJWJMRZS4DOBZA.JPG?auth=183dbd7205407b17cbab6b8aa497e4d4248520aafde6014f24aa7ac678746054&smart=true&width=3709&height=2473"" alt=""서대회무침 백반."" height=""2473"" width=""3709""/>","[OSEN=고양, 박준형 기자] 3일 오후 경기도 고양시 MBC 드림센터에서 ‘쇼! 챔피언(Show! Champion 이하 쇼챔)’ 생방송이 진행됐다.",https://www.chosun.com/resizer/v2/2O2PAGYFXFDWJJWJMRZS4DOBZA.JPG?auth=183dbd7205407b17cbab6b8aa497e4d4248520aafde6014f24aa7ac678746054&smart=true&width=3709&height=2473,,https://www.chosun.com/opinion/specialist_column/2025/12/02/F3FYCSIZQBHCHHDA7B3GEQ4UZU/
[만물상] ‘긁’,https://www.chosun.com/opinion/manmulsang/2025/12/02/F7NV5XEXLVEX3PSN4VT4GGKXTE/,"Tue, 02 Dec 2025 11:27:14 +0000",오피니언,어수웅 논설위원,,"<p><div data-player-id=""4fc5e1c9-d7ce-420a-a7b0-139e4c663e02""><script src=""//cdn.flowplayer.com/players/a4591207-db67-4f93-83a7-c19387f71f0c/native/flowplayer.async.js"">{""src"":""5fc7195e-8119-484c-a57e-8b6b3906b574"",""plugins"":[""audio""]}</script></div></p><img src=""https://www.chosun.com/resizer/v2/IQ7T6NLNANH5PC2E4KUJIYOLMI.png?auth=5c324613967a31068c6af07669423bca54f596afdfbe59efdce4c71811e58ea9&smart=true&width=591&height=354"" alt=""일러스트=박상훈"" height=""354"" width=""591""/>","[OSEN=고양, 박준형 기자] 3일 오후 경기도 고양시 MBC 드림센터에서 ‘쇼! 챔피언(Show! Champion 이하 쇼챔)’ 생방송이 진행됐다.",,,https://www.chosun.com/opinion/manmulsang/2025/12/02/F7NV5XEXLVEX3PSN4VT4GGKXTE/
[태평로] 국박에서 만난 리먼家의 아메리칸 드림,https://www.chosun.com/opinion/taepyeongro/2025/12/02/FU6TYRNOBFAVRFDEZLII2JKH5A/,"Tue, 02 Dec 2025 14:39:00 +0000",오피니언,김태훈 논설위원,,"<p><div data-player-id=""4fc5e1c9-d7ce-420a-a7b0-139e4c663e02""><script src=""//cdn.flowplayer.com/players/a4591207-db67-4f93-83a7-c19387f71f0c/native/flowplayer.async.js"">{""src"":""4fb1b82a-414f-4a1f-9bd1-aac5e5b69c38"",""plugins"":[""audio""]}</script></div></p><img src=""https://www.chosun.com/resizer/v2/KTRFRQYIHNC2BBUIEVZGT7X3CA.jpg?auth=729ed248ddf48f377c0efd42c52cbc4d9ae3ed569f3bec2962cd3aefdfb67d41&smart=true&width=5380&height=3084"" alt=""2025년 11월 19일 오후 '인상주의에서 초기 모더니즘까지, 빛을 수집한 사람들'-메트로폴리탄박물관 로버트 리먼 컬렉션' 특별전이 열린 서울 용산구 국립중앙박물관 특별전시실이 관람객들로 붐비고 있다. /장경식 기자"" height=""3084"" width=""5380""/>","[OSEN=고양, 박준형 기자] 3일 오후 경기도 고양시 MBC 드림센터에서 ‘쇼! 챔피언(Show! Champion 이하 쇼챔)’ 생방송이 진행됐다.",https://www.chosun.com/resizer/v2/UG76WQNNOZCD7OQLCTNQWDAHKU.png?auth=01e8c2a7df1c415a07813d33c5deda7a6a9ea5af85fe349c9543d783430146d6&smart=true&width=500&height=500,,https://www.chosun.com/opinion/taepyeongro/2025/12/02/FU6TYRNOBFAVRFDEZLII2JKH5A/
[김도훈의 엑스레이] [98] 연말엔 ‘에르메스’를 사겠다,https://www.chosun.com/opinion/specialist_column/2025/12/02/TSZXHSC4N5DO3BUJ5J45XEEVSY/,"Tue, 02 Dec 2025 14:37:00 +0000",오피니언,김도훈 문화칼럼니스트,,"<p><div data-player-id=""4fc5e1c9-d7ce-420a-a7b0-139e4c663e02""><script src=""//cdn.flowplayer.com/players/a4591207-db67-4f93-83a7-c19387f71f0c/native/flowplayer.async.js"">{""src"":""b1151ed8-f7af-4271-87f0-0f553662c452"",""plugins"":[""audio""]}</script></div></p><img src=""https://www.chosun.com/resizer/v2/5UZHJ6RAOZBTVEHLZYTE6OYMUY.png?auth=81de9785bf4c3f20c9772170a51eeee7001602eba74e36ff089c44c8ea9aaf8d&smart=true&width=1508&height=1509"" alt=""에르메스 쿠션. /에르메스"" height=""1509"" width=""1508""/>","[OSEN=고양, 박준형 기자] 3일 오후 경기도 고양시 MBC 드림센터에서 ‘쇼! 챔피언(Show! Champion 이하 쇼챔)’ 생방송이 진행됐다.",https://www.chosun.com/resizer/v2/DIUA6EVV7ZGFVLGMJIFKGO7KRU.png?auth=261356bd06ea342ad294ae2f3d07a8266a94f4cbcf7ebb456ea4c2a1801b8352&smart=true&width=500&height=500,,https://www.chosun.com/opinion/specialist_column/2025/12/02/TSZXHSC4N5DO3BUJ5J45XEEVSY/
"'창단 30주년' 수원 삼성, 승격 꿈 이룰까...제주와 운명의 승강 PO→안방서 기선 제압 노린다[오!쎈 프리뷰]",https://www.chosun.com/sports/football/2025/12/03/MQYTONBTG4ZTAZRTME3TIZJYMY/,"Wed, 03 Dec 2025 08:34:00 +0000",스포츠,OSEN,[OSEN=고성환 기자] 수원 삼성이 2년 만에 K리그1 무대로 복귀할 수 있을까. 명가 재건을 꿈꾸는 수원 삼성과 5년 만의 강등을 피하려는 제주SK의 운명을 가를 첫 경기가 펼쳐진다.수원 삼성과 제주SK는 2일 오후 7시 수원월드컵경기장에서 열리는 하나은행 K리그 승강 플레이오프(PO)&nbsp;1차전에서 맞붙는다.&nbsp;&nbsp;K리그1 11위인,"<img src=""https://www.chosun.com/resizer/v2/GFQWMNTDG43TQMTFGNSWKMTDG4.jpg?auth=882508a1606f3c9005a1fbe278f879fcbc8dfcc248907aa698f7c00099c2b634&smart=true&width=650&height=432"" alt="""" height=""432"" width=""650""/><p>[OSEN=고성환 기자] 수원 삼성이 2년 만에 K리그1 무대로 복귀할 수 있을까. 명가 재건을 꿈꾸는 수원 삼성과 5년 만의 강등을 피하려는 제주SK의 운명을 가를 첫 경기가 펼쳐진다.</p>","[OSEN=고양, 박준형 기자] 3일 오후 경기도 고양시 MBC 드림센터에서 ‘쇼! 챔피언(Show! Champion 이하 쇼챔)’ 생방송이 진행됐다.",https://www.chosun.com/resizer/v2/GFQWMNTDG43TQMTFGNSWKMTDG4.jpg?auth=882508a1606f3c9005a1fbe278f879fcbc8dfcc248907aa698f7c00099c2b634&smart=true&width=650&height=432,,https://www.chosun.com/sports/football/2025/12/03/MQYTONBTG4ZTAZRTME3TIZJYMY/
"한국전력 선수가 왜 “KB손해보험 우승했으면” 외치나...눈물 없이 들을 수 없는, 서글픈 사연",https://www.chosun.com/sports/volleyball/2025/12/03/MJQTAMJSHAZTAYRZMRSTGYTDGU/,"Wed, 03 Dec 2025 07:08:16 +0000",스포츠,스포츠조선,,"<img src=""https://www.chosun.com/resizer/v2/GRQWINRSGU4DOZTEG4YDENTCGY.jpg?auth=4c996a26134d957fd2de30cbd55cec6f9566ca1aed2b36cba913754328192a6d&smart=true&width=700&height=615"" alt=""스포츠조선DB"" height=""615"" width=""700""/><p>“의정부가 아직 내 집같아요. 팬분들 얼굴도 다 기억나요.”</p>","[OSEN=고양, 박준형 기자] 3일 오후 경기도 고양시 MBC 드림센터에서 ‘쇼! 챔피언(Show! Champion 이하 쇼챔)’ 생방송이 진행됐다.",https://www.chosun.com/resizer/v2/YHZVXBJ6ZFCUTEW4JMA25GOJLE.jpg?auth=ea9872c9e19c8d29772712088e36f0952a19769c5a52fef8d0345e95d1a3bea8&smart=true&width=632&height=356,,https://www.chosun.com/sports/volleyball/2025/12/03/MJQTAMJSHAZTAYRZMRSTGYTDGU/
"전북 타노스 코치 '인종 차별'→'피해자' 주심도 선 넘었다, 왜 계속 '논란' 만드나…""인터뷰 승인 없었다"" KFA 공식 확인, 규정 위반→징계 불가피",https://www.chosun.com/sports/football/2025/12/03/GFSTEYJVMU4WIMDFMU2DSODCME/,"Wed, 03 Dec 2025 08:25:06 +0000",스포츠,스포츠조선,"[스포츠조선 김성원 기자]'정심'은 기본, '오심'에는 비판을 넘어 비방도 쏟아진다. 그러나 심판이 없는 축구는 존재하지 않는다. 존중해야 한다. 다만 그들이 선을 넘는다면 이야기는 달라진다. '침묵이 금'이라고 했다. 있는 듯, 없는 듯 소리가 나지 않는 심판이 '명판관'이다. 그러나 '소리'가 나는 순간 '뭔 사고'가 터졌다는 의미다. 전북 현대 타노스","<img src=""https://www.chosun.com/resizer/v2/HBSWCMLEMFSDCNRQMEZGCNZXGM.jpg?auth=80e5fe5318faf0a36374e2a467a0c8cdbe7feb4f0c18d6d0d98d47bb3ebbe590&smart=true&width=600&height=428"" alt=""중계화면 캡쳐"" height=""428"" width=""600""/><p>[스포츠조선 김성원 기자]'정심'은 기본, '오심'에는 비판을 넘어 비방도 쏟아진다. 그러나 심판이 없는 축구는 존재하지 않는다. 존중해야 한다.</p>","[OSEN=고양, 박준형 기자] 3일 오후 경기도 고양시 MBC 드림센터에서 ‘쇼! 챔피언(Show! Champion 이하 쇼챔)’ 생방송이 진행됐다.",https://www.chosun.com/resizer/v2/HBSWCMLEMFSDCNRQMEZGCNZXGM.jpg?auth=80e5fe5318faf0a36374e2a467a0c8cdbe7feb4f0c18d6d0d98d47bb3ebbe590&smart=true&width=600&height=428,,https://www.chosun.com/sports/football/2025/12/03/GFSTEYJVMU4WIMDFMU2DSODCME/
"‘최형우 복귀’ 숙제 하나 끝낸 삼성, 내부 FA 집중…“강민호와 계속 만나는 중”",https://www.chosun.com/sports/2025/12/03/Q3CZPACJAZDX3IWEOL6NQS4O2U/,"Wed, 03 Dec 2025 07:37:12 +0000",스포츠,김희준,,"<img src=""https://www.chosun.com/resizer/v2/GI3WIMJQMQZDAMZTMRRDEOLCGA.jpg?auth=697f35e8acff525790546a9b2b2eb07b8083dfa4f9444512583e7e774b649ec6&smart=true&width=720&height=539"" alt=""최형우"" height=""539"" width=""720""/><p>프로야구 삼성 라이온즈가 이번 겨울 숙제를 하나 마쳤다. 프리에이전트(FA) 시장에 나온 최형우를 잡겠다는 숙제다.</p>","[OSEN=고양, 박준형 기자] 3일 오후 경기도 고양시 MBC 드림센터에서 ‘쇼! 챔피언(Show! Champion 이하 쇼챔)’ 생방송이 진행됐다.",https://www.chosun.com/resizer/v2/MRSTMMBWMMZWGMDDGA2WGYLGHA.jpg?auth=bbbe00f55798838d87d60d6417dc12939c3b68067a9a775327b1ee608f6d441a&smart=true&width=5362&height=3574,,https://www.chosun.com/sports/2025/12/03/Q3CZPACJAZDX3IWEOL6NQS4O2U/
"'꼭 뽑아야 하는 건가' 김도영 결국 WBC 캠프 승선 ""선수가 원한다. 건강하다면 고민할 필요가...""",https://www.chosun.com/sports/baseball/2025/12/03/HBSGMOBYMIZWIMJUGVTDSYRYMQ/,"Wed, 03 Dec 2025 08:17:08 +0000",스포츠,스포츠조선,"[스포츠조선 김용 기자] ""건강한 김도영은 고민할 이유가 전혀 없다."" KIA 타이거즈 김도영의 햄스트링은 이제 완치가 된 것일까. KBO는 3일 내년 3월 열리는 월드베이스볼클래식(WBC) 국가대표팀 1차 전지훈련에 참가할 국내 선수 명단을 확정, 발표했다. 대표팀은 1월9일부터 사이판에서 1차 캠프를 차리고 WBC에 대비한다. 2차 오키나와 훈련을 실시","<img src=""https://www.chosun.com/resizer/v2/GZQTOZTDGIYWMNZUGIZDKOJRGY.jpg?auth=7d3e75e7969ef8ff235d36dd947548088190d61166fad7d98143f8486f049ed4&smart=true&width=650&height=851"" alt=""7일 고척돔에서 열린 KBO리그 키움과 KIA의 경기. 8회 무사 만루. 3타점 2루타 날린 김도영. 고척=송정헌 기자songs@sportschosun.com/2025.05.07/"" height=""851"" width=""650""/><p>[스포츠조선 김용 기자] ""건강한 김도영은 고민할 이유가 전혀 없다.""</p>","[OSEN=고양, 박준형 기자] 3일 오후 경기도 고양시 MBC 드림센터에서 ‘쇼! 챔피언(Show! Champion 이하 쇼챔)’ 생방송이 진행됐다.",https://www.chosun.com/resizer/v2/GZQTOZTDGIYWMNZUGIZDKOJRGY.jpg?auth=7d3e75e7969ef8ff235d36dd947548088190d61166fad7d98143f8486f049ed4&smart=true&width=650&height=851,,https://www.chosun.com/sports/baseball/2025/12/03/HBSGMOBYMIZWIMJUGVTDSYRYMQ/
‘조광래 대표 사임에 세징야 격앙’ “나를 지켜준 마지막 리더”,https://www.chosun.com/sports/football/2025/12/03/HEZTKMJXGVSTGNDFMEYTCOBQGU/,"Wed, 03 Dec 2025 06:44:00 +0000",스포츠,OSEN,,"<img src=""https://www.chosun.com/resizer/v2/MI2WKY3BMJQTOYTFMMYGGZRUMI.jpg?auth=8e932bbedb69ad0ef8a5df34fb72fb0be75396a22d4a9e1240f12674ac18fd3c&smart=true&width=650&height=432"" alt="""" height=""432"" width=""650""/><p>대구FC의 상징적 존재인 세징야가 또다른 상징적 존재인 대표이사에 대한 안타까운 심정을 숨기지 못했다. 조광래 대표이사가 결국 자리를 내려놓는다. 강등이라는 충격적 결과 직후, 그는 팬들에게 마지막 편지를 남기며 11년간의 시간을 스스로 마무리했다.</p>","[OSEN=고양, 박준형 기자] 3일 오후 경기도 고양시 MBC 드림센터에서 ‘쇼! 챔피언(Show! Champion 이하 쇼챔)’ 생방송이 진행됐다.",https://www.chosun.com/resizer/v2/EH7IZ32G4JDJXICLWRKN3KX7NQ.jpg?auth=e4b8b4146a7695f89f3dbc2c0fe531a7b91a6f2df7c16f66a8f9ea638b5d1133&smart=true&width=520&height=293,,https://www.chosun.com/sports/football/2025/12/03/HEZTKMJXGVSTGNDFMEYTCOBQGU/
"'팬 프렌들리 클럽' 서울 이랜드, 팬들과 함께 시즌 마지막 팬미팅 '파이널 터치' 개최",https://www.chosun.com/sports/football/2025/12/03/GQ2WCMLBHAZDGMRVMIZTANZQMY/,"Wed, 03 Dec 2025 08:09:14 +0000",스포츠,스포츠조선,[스포츠조선 박찬준 기자]'넘버원 팬 프렌들리 클럽' 서울 이랜드FC가 팬들과 함께하는 시즌 피날레 이벤트를 마련한다. 서울 이랜드는 6일 오후 2시 서울시 강서구에 위치한 ASSA 아트홀에서 시즌 마지막 팬미팅 '파이널 터치'를 개최한다. 파이널 터치는 한 해의 여정을 팬들과 함께 마무리하는 서울 이랜드의 대표 팬 행사로 올해로 11년째 이어지고 있다. ,"<img src=""https://www.chosun.com/resizer/v2/HA4TKOJYG44TKZJTMUZGCODDMI.jpg?auth=90440dc26f528c41e5937cff0d12556d533a3e986c41d236efefff7c88468b34&smart=true&width=700&height=466"" alt="""" height=""466"" width=""700""/><p>[스포츠조선 박찬준 기자]'넘버원 팬 프렌들리 클럽' 서울 이랜드FC가 팬들과 함께하는 시즌 피날레 이벤트를 마련한다.</p>","[OSEN=고양, 박준형 기자] 3일 오후 경기도 고양시 MBC 드림센터에서 ‘쇼! 챔피언(Show! Champion 이하 쇼챔)’ 생방송이 진행됐다.",https://www.chosun.com/resizer/v2/HA4TKOJYG44TKZJTMUZGCODDMI.jpg?auth=90440dc26f528c41e5937cff0d12556d533a3e986c41d236efefff7c88468b34&smart=true&width=700&height=466,,https://www.chosun.com/sports/football/2025/12/03/GQ2WCMLBHAZDGMRVMIZTANZQMY/
손흥민도 물고 있던데.. 축구 선수들이 경기 중 '에너지 젤' 먹는 과학적인 이유,https://www.chosun.com/sports/world-football/2025/12/03/GFSWGMDDG4YTIMZQGBSTOZDDGY/,"Wed, 03 Dec 2025 08:08:00 +0000",스포츠,OSEN,"[OSEN=강필주 기자] 손흥민(33, LAFC)을 비롯해 많은 축구 선수들이 경기 중 에너지 젤을 섭취하는 모습이 자주 포착됐다. 전문가들은&nbsp;현대 축구의 강도와 일정 속에서 '경기 중 젤 섭취는 필수적'이라고 설명하고 있다.&nbsp;스포츠 전문 '디 애슬레틱'은 3일(한국시간) '왜 축구 선수들은 경기 중 에너지 젤을 먹을까'라는 제목의 기사를","<img src=""https://www.chosun.com/resizer/v2/GQYGKOLCGU3TGMRTHFRWEMLBMQ.jpg?auth=d4449a96b1a0d7b4ba81c19838c76251886f4f1baece459381925850ea95695a&smart=true&width=650&height=513"" alt="""" height=""513"" width=""650""/><p>[OSEN=강필주 기자] 손흥민(33, LAFC)을 비롯해 많은 축구 선수들이 경기 중 에너지 젤을 섭취하는 모습이 자주 포착됐다. 전문가들은&nbsp;현대 축구의 강도와 일정 속에서 '경기 중 젤 섭취는 필수적'이라고 설명하고 있다.&nbsp;</p>","[OSEN=고양, 박준형 기자] 3일 오후 경기도 고양시 MBC 드림센터에서 ‘쇼! 챔피언(Show! Champion 이하 쇼챔)’ 생방송이 진행됐다.",https://www.chosun.com/resizer/v2/GQYGKOLCGU3TGMRTHFRWEMLBMQ.jpg?auth=d4449a96b1a0d7b4ba81c19838c76251886f4f1baece459381925850ea95695a&smart=true&width=650&height=513,,https://www.chosun.com/sports/world-football/2025/12/03/GFSWGMDDG4YTIMZQGBSTOZDDGY/
"‘삼성 복귀’ 최형우, KIA·삼성 팬에 진심 담은 자필 편지",https://www.chosun.com/sports/2025/12/03/JS7YI4V4GZDNNEK5ZGBGCMCOQE/,"Wed, 03 Dec 2025 08:00:31 +0000",스포츠,김희준,,"<img src=""https://www.chosun.com/resizer/v2/MJRTKNZSHAZDEMBZGE3DCOBSGA.jpg?auth=3ad2078e3d25ddada17fe9fdb17ce55e5e8135e7f218f110bbddfffef367a250&smart=true&width=720&height=539"" alt=""최형우"" height=""539"" width=""720""/><p>KIA 타이거즈에서 9시즌을 뛰고 친정팀 삼성 라이온즈로 복귀하는 최형우가 양 팀 팬들에게 자필 편지로 진심을 전했다.</p>","[OSEN=고양, 박준형 기자] 3일 오후 경기도 고양시 MBC 드림센터에서 ‘쇼! 챔피언(Show! Champion 이하 쇼챔)’ 생방송이 진행됐다.",https://www.chosun.com/resizer/v2/MJRTKNZSHAZDEMBZGE3DCOBSGA.jpg?auth=3ad2078e3d25ddada17fe9fdb17ce55e5e8135e7f218f110bbddfffef367a250&smart=true&width=720&height=539,,https://www.chosun.com/sports/2025/12/03/JS7YI4V4GZDNNEK5ZGBGCMCOQE/
“개판 오분 전” 송성문 일침에 이정후까지 가세 “간절함이 없다”...도대체 키움에 무슨 일이?,https://www.chosun.com/sports/baseball/2025/12/03/GA4WCODGMFTGMNZQGM4DQMBRMU/,"Wed, 03 Dec 2025 07:50:00 +0000",스포츠,스포츠조선,,"<img src=""https://www.chosun.com/resizer/v2/HA4TSNRWMFTGKNBYGVRWIOLEHA.jpg?auth=0457677c44cd836bf7b83fb05cf2e21c313c047384e1eae4d5052451a44af1c5&smart=true&width=700&height=383"" alt=""2025 K-BASEBALL SERIES 대한민국과 체코의 평가전이 8일 고척스카이돔에서 열렸다. 이정후가 팬들에게 사인을 해주고 있다. 고척=박재만 기자 pjm@sportschosun.com/2025.11.08/"" height=""383"" width=""700""/><p>“개판 오분 전이다.”</p>","[OSEN=고양, 박준형 기자] 3일 오후 경기도 고양시 MBC 드림센터에서 ‘쇼! 챔피언(Show! Champion 이하 쇼챔)’ 생방송이 진행됐다.",https://www.chosun.com/resizer/v2/K6VPGHWNFRCJVNRSI66W5AFQ3A.jpg?auth=866d979f9580de2c8fb18df545b25d658952e22f22c8c9da15b3f74e700e4c2b&smart=true&width=457&height=257,,https://www.chosun.com/sports/baseball/2025/12/03/GA4WCODGMFTGMNZQGM4DQMBRMU/
"[사진]베이비돈크라이, 상큼하게",https://www.chosun.com/entertainments/entertain_photo/2025/12/03/MFSDOMJTG5RWINTCGAZDQOLDGQ/,"Wed, 03 Dec 2025 08:37:00 +0000",연예,OSEN,"[OSEN=고양, 박준형 기자] 3일 오후 경기도 고양시 MBC 드림센터에서 ‘쇼! 챔피언(Show! Champion 이하 쇼챔)’ 생방송이 진행됐다.이날 방송에는 그룹 tripleS와 82MAJOR, cosmosy (코스모시),미소녀즈, AM8IC, Baby DONT Cry, CLOSE YOUR EYES, MISO (김미소), NOWZ (나우즈), RES","<p><br />[OSEN=고양, 박준형 기자] 3일 오후 경기도 고양시 MBC 드림센터에서 ‘쇼! 챔피언(Show! Champion 이하 쇼챔)’ 생방송이 진행됐다.</p><p>이날 방송에는 그룹 tripleS와 82MAJOR, cosmosy (코스모시),미소녀즈, AM8IC, Baby DONT Cry, CLOSE YOUR EYES, MISO (김미소), NOWZ (나우즈), RESCENE(리센느), XODIAC,김장훈,버비,세븐어스,오아베(O.A.Be)가 무대에 올랐다.</p>","[OSEN=고양, 박준형 기자] 3일 오후 경기도 고양시 MBC 드림센터에서 ‘쇼! 챔피언(Show! Champion 이하 쇼챔)’ 생방송이 진행됐다.",,,https://www.chosun.com/entertainments/entertain_photo/2025/12/03/MFSDOMJTG5RWINTCGAZDQOLDGQ/
"[사진]박해수-전도연-김고은,'자백의 대가' 주역들",https://www.chosun.com/entertainments/entertain_photo/2025/12/03/GNSTKZDDGEZTSMTDMUYTCNJVGI/,"Wed, 03 Dec 2025 08:35:00 +0000",연예,OSEN,"[OSEN=민경훈 기자] 3일 오후 서울 용산구 CGV용산아이파크몰에서 넷플릭스 시리즈 '자백의 대가' 언론시사회 및 간담회가 열렸다.‘자백의 대가’(연출 이정효 극본 권종관)는 남편을 죽인 용의자로 몰린 ‘윤수’(전도연 분)와 마녀로 불리는 의문의 인물 ‘모은’, 비밀 많은 두 사람 사이에서 벌어지는 일을 그린 미스터리 스릴러 작품. 극 중 김고은은 감정","<img src=""https://www.chosun.com/resizer/v2/MEYDKMRZMYYWMNRWHEYWCOBTGM.jpg?auth=ce5f7de1502b41a15edb1b39cf451881bbb816871109c76ea15fb0782291f315&smart=true&width=530&height=841"" alt="""" height=""841"" width=""530""/><p><br />[OSEN=민경훈 기자] 3일 오후 서울 용산구 CGV용산아이파크몰에서 넷플릭스 시리즈 '자백의 대가' 언론시사회 및 간담회가 열렸다.</p>","[OSEN=고양, 박준형 기자] 3일 오후 경기도 고양시 MBC 드림센터에서 ‘쇼! 챔피언(Show! Champion 이하 쇼챔)’ 생방송이 진행됐다.",https://www.chosun.com/resizer/v2/MEYDKMRZMYYWMNRWHEYWCOBTGM.jpg?auth=ce5f7de1502b41a15edb1b39cf451881bbb816871109c76ea15fb0782291f315&smart=true&width=530&height=841,,https://www.chosun.com/entertainments/entertain_photo/2025/12/03/GNSTKZDDGEZTSMTDMUYTCNJVGI/
"'데뷔 2주년' 원팩트, 대만 공연 성료…글로벌 팬덤과 감동의 피날레",https://www.chosun.com/entertainments/music/2025/12/03/HA3TGMTGGM2TCOBXG5STSMTDMQ/,"Wed, 03 Dec 2025 08:35:00 +0000",연예,OSEN,"[OSEN=장우영 기자] 그룹 ONE PACT(원팩트)가 대만 공연을 성황리에 마치며, 글로벌 성장 서사를 또 한 장 채웠다.3일 소속사 아르마다 이엔티에 따르면 ONE PACT(종우&middot;제이창&middot;성민&middot;태그&middot;예담)는 지난 11월 30일 타이베이 Breeze Center에 위치한 MOONDOG에서 'ONE PACT","<img src=""https://www.chosun.com/resizer/v2/GY4DCMZSHBQTGMZUGIYTCOJVMU.jpg?auth=2281f7ac7d1b04c9e24717954bf5a985c6b9a19c2da79ba38cc8b04a029a5e83&smart=true&width=650&height=487"" alt="""" height=""487"" width=""650""/><p>[OSEN=장우영 기자] 그룹 ONE PACT(원팩트)가 대만 공연을 성황리에 마치며, 글로벌 성장 서사를 또 한 장 채웠다.</p>","[OSEN=고양, 박준형 기자] 3일 오후 경기도 고양시 MBC 드림센터에서 ‘쇼! 챔피언(Show! Champion 이하 쇼챔)’ 생방송이 진행됐다.",https://www.chosun.com/resizer/v2/GY4DCMZSHBQTGMZUGIYTCOJVMU.jpg?auth=2281f7ac7d1b04c9e24717954bf5a985c6b9a19c2da79ba38cc8b04a029a5e83&smart=true&width=650&height=487,,https://www.chosun.com/entertainments/music/2025/12/03/HA3TGMTGGM2TCOBXG5STSMTDMQ/
"[사진]세븐어스, 에어플레인 모드~",https://www.chosun.com/entertainments/entertain_photo/2025/12/03/MEYTEMBWGM3DQNLDMJSDOODCGU/,"Wed, 03 Dec 2025 08:32:00 +0000",연예,OSEN,"[OSEN=고양, 박준형 기자] 3일 오후 경기도 고양시 MBC 드림센터에서 ‘쇼! 챔피언(Show! Champion 이하 쇼챔)’ 생방송이 진행됐다.이날 방송에는 그룹 tripleS와 82MAJOR, cosmosy (코스모시),미소녀즈, AM8IC, Baby DONT Cry, CLOSE YOUR EYES, MISO (김미소), NOWZ (나우즈), RES","<img src=""https://www.chosun.com/resizer/v2/MVQWMMJUGU2DCYRRMQYWEMLBMU.jpg?auth=038acd653fbd421f5d11072e7b0acc9e2af5fc7a7c63a0d83db2ff4ce213ba99&smart=true&width=650&height=438"" alt="""" height=""438"" width=""650""/><p><br />[OSEN=고양, 박준형 기자] 3일 오후 경기도 고양시 MBC 드림센터에서 ‘쇼! 챔피언(Show! Champion 이하 쇼챔)’ 생방송이 진행됐다.</p>","[OSEN=고양, 박준형 기자] 3일 오후 경기도 고양시 MBC 드림센터에서 ‘쇼! 챔피언(Show! Champion 이하 쇼챔)’ 생방송이 진행됐다.",https://www.chosun.com/resizer/v2/MVQWMMJUGU2DCYRRMQYWEMLBMU.jpg?auth=038acd653fbd421f5d11072e7b0acc9e2af5fc7a7c63a0d83db2ff4ce213ba99&smart=true&width=650&height=438,,https://www.chosun.com/entertainments/entertain_photo/2025/12/03/MEYTEMBWGM3DQNLDMJSDOODCGU/
"[사진]세븐어스, 풋풋한 매력",https://www.chosun.com/entertainments/entertain_photo/2025/12/03/GEYTKMJYMFTGCMZVMM4DMMJYHE/,"Wed, 03 Dec 2025 08:31:00 +0000",연예,OSEN,"[OSEN=고양, 박준형 기자] 3일 오후 경기도 고양시 MBC 드림센터에서 ‘쇼! 챔피언(Show! Champion 이하 쇼챔)’ 생방송이 진행됐다.이날 방송에는 그룹 tripleS와 82MAJOR, cosmosy (코스모시),미소녀즈, AM8IC, Baby DONT Cry, CLOSE YOUR EYES, MISO (김미소), NOWZ (나우즈), RES","<img src=""https://www.chosun.com/resizer/v2/GAYGINRTMI4GKZLGG44GIZTFMU.jpg?auth=8c8109e4aaad1f42e03a936b27bf3978061ef0ef13739a974a3639c66cb8a255&smart=true&width=530&height=587"" alt="""" height=""587"" width=""530""/><p><br />[OSEN=고양, 박준형 기자] 3일 오후 경기도 고양시 MBC 드림센터에서 ‘쇼! 챔피언(Show! Champion 이하 쇼챔)’ 생방송이 진행됐다.</p>","[OSEN=고양, 박준형 기자] 3일 오후 경기도 고양시 MBC 드림센터에서 ‘쇼! 챔피언(Show! Champion 이하 쇼챔)’ 생방송이 진행됐다.",https://www.chosun.com/resizer/v2/GAYGINRTMI4GKZLGG44GIZTFMU.jpg?auth=8c8109e4aaad1f42e03a936b27bf3978061ef0ef13739a974a3639c66cb8a255&smart=true&width=530&height=587,,https://www.chosun.com/entertainments/entertain_photo/2025/12/03/GEYTKMJYMFTGCMZVMM4DMMJYHE/
"슈주 규현 ""무면허+역주행하더니 바꿔치기 시도""..'前매니저' 충격만행 폭로[핫피플]",https://www.chosun.com/entertainments/broadcast/2025/12/03/GEYGMM3GMZRGIOJWGNTGMZDFMI/,"Wed, 03 Dec 2025 08:30:00 +0000",연예,OSEN,[OSEN=김나연 기자] 슈퍼주니어 규현이 전 매니저들의 충격적인 만행을 폭로했다.지난 2일 넷플릭스를 통해 공개된 '케냐 간 세끼' 5화에서는 규현이 전 매니저 이야기를 공개했다.이날 은지원은 &quot;우리 시간 얼마나 있냐. 여기 토크박스 딱인데? 얘 얘기 듣고싶지 않냐&quot;라며 운을 띄웠다. 앞서 그는 규현의 이야기를 듣고 &quot;건성으로 ,"<img src=""https://www.chosun.com/resizer/v2/MZRWENLGGM3TMYRTGM2TQMBUMQ.jpg?auth=cccabecfca9b19f0d86f07e25b0579cae0ed8ba1c9208669f4b4f6b13b3276b1&smart=true&width=530&height=605"" alt="""" height=""605"" width=""530""/><p>[OSEN=김나연 기자] 슈퍼주니어 규현이 전 매니저들의 충격적인 만행을 폭로했다.</p>","[OSEN=고양, 박준형 기자] 3일 오후 경기도 고양시 MBC 드림센터에서 ‘쇼! 챔피언(Show! Champion 이하 쇼챔)’ 생방송이 진행됐다.",https://www.chosun.com/resizer/v2/MZRWENLGGM3TMYRTGM2TQMBUMQ.jpg?auth=cccabecfca9b19f0d86f07e25b0579cae0ed8ba1c9208669f4b4f6b13b3276b1&smart=true&width=530&height=605,,https://www.chosun.com/entertainments/broadcast/2025/12/03/GEYGMM3GMZRGIOJWGNTGMZDFMI/
"[사진]미소, 신나는 스포트 라이트",https://www.chosun.com/entertainments/entertain_photo/2025/12/03/GE2TIMRZMJTDQMDBHFRTAZTFME/,"Wed, 03 Dec 2025 08:29:00 +0000",연예,OSEN,"[OSEN=고양, 박준형 기자] 3일 오후 경기도 고양시 MBC 드림센터에서 ‘쇼! 챔피언(Show! Champion 이하 쇼챔)’ 생방송이 진행됐다.이날 방송에는 그룹 tripleS와 82MAJOR, cosmosy (코스모시),미소녀즈, AM8IC, Baby DONT Cry, CLOSE YOUR EYES, MISO (김미소), NOWZ (나우즈), RES","<img src=""https://www.chosun.com/resizer/v2/MYYTSMBVGUZDCNDDMI3GIMBQGU.jpg?auth=7277edf04bd00b853ecca8da164613d2f0fd111d42c41605ca69399fc1c919ed&smart=true&width=530&height=740"" alt="""" height=""740"" width=""530""/><p><br />[OSEN=고양, 박준형 기자] 3일 오후 경기도 고양시 MBC 드림센터에서 ‘쇼! 챔피언(Show! Champion 이하 쇼챔)’ 생방송이 진행됐다.</p>","[OSEN=고양, 박준형 기자] 3일 오후 경기도 고양시 MBC 드림센터에서 ‘쇼! 챔피언(Show! Champion 이하 쇼챔)’ 생방송이 진행됐다.",https://www.chosun.com/resizer/v2/MYYTSMBVGUZDCNDDMI3GIMBQGU.jpg?auth=7277edf04bd00b853ecca8da164613d2f0fd111d42c41605ca69399fc1c919ed&smart=true&width=530&height=740,,https://www.chosun.com/entertainments/entertain_photo/2025/12/03/GE2TIMRZMJTDQMDBHFRTAZTFME/
"[사진]전원 일본인 걸그룹 코시모시, 쇼챔 첫 무대",https://www.chosun.com/entertainments/entertain_photo/2025/12/03/GFTGIZRWGE2TEMZYMM4TONZYMI/,"Wed, 03 Dec 2025 08:29:00 +0000",연예,OSEN,"[OSEN=고양, 박준형 기자] 3일 오후 경기도 고양시 MBC 드림센터에서 ‘쇼! 챔피언(Show! Champion 이하 쇼챔)’ 생방송이 진행됐다.이날 방송에는 그룹 tripleS와 82MAJOR, cosmosy (코스모시),미소녀즈, AM8IC, Baby DONT Cry, CLOSE YOUR EYES, MISO (김미소), NOWZ (나우즈), RES","<img src=""https://www.chosun.com/resizer/v2/MYYDANRUGUYDMOBYGI4DCOBXHE.jpg?auth=34c5c9e35bf84f948c90c051e2562276d1849363b2d9ac7de7ca9c9145d1ac50&smart=true&width=530&height=689"" alt="""" height=""689"" width=""530""/><p><br />[OSEN=고양, 박준형 기자] 3일 오후 경기도 고양시 MBC 드림센터에서 ‘쇼! 챔피언(Show! Champion 이하 쇼챔)’ 생방송이 진행됐다.</p>","[OSEN=고양, 박준형 기자] 3일 오후 경기도 고양시 MBC 드림센터에서 ‘쇼! 챔피언(Show! Champion 이하 쇼챔)’ 생방송이 진행됐다.",https://www.chosun.com/resizer/v2/MYYDANRUGUYDMOBYGI4DCOBXHE.jpg?auth=34c5c9e35bf84f948c90c051e2562276d1849363b2d9ac7de7ca9c9145d1ac50&smart=true&width=530&height=689,,https://www.chosun.com/entertainments/entertain_photo/2025/12/03/GFTGIZRWGE2TEMZYMM4TONZYMI/
"빌보드코리아, 신규 글로벌·국내 K-뮤직 차트 론칭..본사 협력",https://www.chosun.com/entertainments/music/2025/12/03/MI2DSMJVGU4TOZJZMNSDIMTCHE/,"Wed, 03 Dec 2025 08:29:00 +0000",연예,OSEN,[OSEN=유수연 기자]&nbsp;빌보드코리아와 빌보드가 K-뮤직(Music)의 흐름과 글로벌 영향력을 보다 정교하게 보여줄 두 개의 새로운 차트를 선보인다.빌보드코리아는 3일 &ldquo;K-뮤직을 본격적으로 반영한 글로벌&middot;국내 곡 차트인 &lsquo;Billboard Korea Global K-Songs(빌보드코리아 글로벌 케이 송즈)&rs,"<img src=""https://www.chosun.com/resizer/v2/GY3TMNZVMI2DIZLCMI3TSYTCMI.jpg?auth=7fc4f3144a9495a8d7cfb887e6d506b35f99a5ef4c479bd0ec15e02cae21a113&smart=true&width=650&height=135"" alt="""" height=""135"" width=""650""/><p>[OSEN=유수연 기자]&nbsp;빌보드코리아와 빌보드가 K-뮤직(Music)의 흐름과 글로벌 영향력을 보다 정교하게 보여줄 두 개의 새로운 차트를 선보인다.</p>","[OSEN=고양, 박준형 기자] 3일 오후 경기도 고양시 MBC 드림센터에서 ‘쇼! 챔피언(Show! Champion 이하 쇼챔)’ 생방송이 진행됐다.",https://www.chosun.com/resizer/v2/GY3TMNZVMI2DIZLCMI3TSYTCMI.jpg?auth=7fc4f3144a9495a8d7cfb887e6d506b35f99a5ef4c479bd0ec15e02cae21a113&smart=true&width=650&height=135,,https://www.chosun.com/entertainments/music/2025/12/03/MI2DSMJVGU4TOZJZMNSDIMTCHE/
"[사진]미소, 신나게 춤춰요",https://www.chosun.com/entertainments/entertain_photo/2025/12/03/GA3WINJTGZRTGMJSGM2GINBVMI/,"Wed, 03 Dec 2025 08:25:00 +0000",연예,OSEN,"[OSEN=고양, 박준형 기자] 3일 오후 경기도 고양시 MBC 드림센터에서 ‘쇼! 챔피언(Show! Champion 이하 쇼챔)’ 생방송이 진행됐다.이날 방송에는 그룹 tripleS와 82MAJOR, cosmosy (코스모시),미소녀즈, AM8IC, Baby DONT Cry, CLOSE YOUR EYES, MISO (김미소), NOWZ (나우즈), RES","<img src=""https://www.chosun.com/resizer/v2/MI4GGNBXMFRTQYJQHFQWIMZTMQ.jpg?auth=ce87e2b001fe824b7a3ddb29152c00c6cec6009f3ed6de046a368c0572272cad&smart=true&width=530&height=774"" alt="""" height=""774"" width=""530""/><p><br />[OSEN=고양, 박준형 기자] 3일 오후 경기도 고양시 MBC 드림센터에서 ‘쇼! 챔피언(Show! Champion 이하 쇼챔)’ 생방송이 진행됐다.</p>","[OSEN=고양, 박준형 기자] 3일 오후 경기도 고양시 MBC 드림센터에서 ‘쇼! 챔피언(Show! Champion 이하 쇼챔)’ 생방송이 진행됐다.",https://www.chosun.com/resizer/v2/MI4GGNBXMFRTQYJQHFQWIMZTMQ.jpg?auth=ce87e2b001fe824b7a3ddb29152c00c6cec6009f3ed6de046a368c0572272cad&smart=true&width=530&height=774,,https://www.chosun.com/entertainments/entertain_photo/2025/12/03/GA3WINJTGZRTGMJSGM2GINBVMI/
